tax_id,psychrophilic
80867,TRUE
178900,TRUE
32002,TRUE
72556,TRUE
85698,TRUE
72557,TRUE
187868,TRUE
46125,TRUE
435,TRUE
1307919,TRUE
29430,TRUE
47920,TRUE
470,TRUE
1307910,TRUE
65959,TRUE
862720,TRUE
1307904,TRUE
106649,TRUE
3063952,TRUE
1389922,TRUE
146474,TRUE
217203,TRUE
542300,TRUE
202950,TRUE
217204,TRUE
946336,TRUE
78229,TRUE
80868,TRUE
1255278,TRUE
80878,TRUE
32040,TRUE
12917,TRUE
400667,TRUE
46163,TRUE
40214,TRUE
717,TRUE
51161,TRUE
1120931,TRUE
977794,TRUE
134533,TRUE
40373,TRUE
1659,TRUE
52769,TRUE
51049,TRUE
1220569,TRUE
115335,TRUE
1990,TRUE
46164,TRUE
48296,TRUE
202956,TRUE
40215,TRUE
111803,TRUE
202948,TRUE
1311804,TRUE
1120944,TRUE
887324,TRUE
1655,TRUE
51047,TRUE
55565,TRUE
722,TRUE
1658,TRUE
131109,TRUE
67854,TRUE
719,TRUE
202955,TRUE
2893586,TRUE
28090,TRUE
79909,TRUE
134959,TRUE
715,TRUE
79912,TRUE
1994,TRUE
1120934,TRUE
123820,TRUE
716,TRUE
119495,TRUE
1051899,TRUE
1657,TRUE
60706,TRUE
52767,TRUE
720,TRUE
707232,TRUE
114702,TRUE
115336,TRUE
51048,TRUE
544580,TRUE
157339,TRUE
1120941,TRUE
46161,TRUE
46165,TRUE
1120940,TRUE
111807,TRUE
645,TRUE
111015,TRUE
103621,TRUE
1656,TRUE
1120932,TRUE
218936,TRUE
1176649,TRUE
171194,TRUE
1376,TRUE
101385,TRUE
153266,TRUE
59505,TRUE
648,TRUE
362,TRUE
1872428,TRUE
511,TRUE
128944,TRUE
110935,TRUE
267800,TRUE
739,TRUE
73010,TRUE
2058287,TRUE
29489,TRUE
190146,TRUE
87541,TRUE
646,TRUE
119206,TRUE
88373,TRUE
1871052,TRUE
196024,TRUE
117157,TRUE
1768010,TRUE
591962,TRUE
1034,TRUE
732,TRUE
644,TRUE
56946,TRUE
119025,TRUE
41986,TRUE
714,TRUE
211460,TRUE
651,TRUE
165814,TRUE
232089,TRUE
1120953,TRUE
219314,TRUE
208958,TRUE
1331007,TRUE
172371,TRUE
28099,TRUE
71383,TRUE
29491,TRUE
226011,TRUE
1484432,TRUE
1120957,TRUE
440079,TRUE
655812,TRUE
654,TRUE
633415,TRUE
248902,TRUE
285091,TRUE
271417,TRUE
1368415,TRUE
163869,TRUE
59754,TRUE
633417,TRUE
190,TRUE
668,TRUE
596154,TRUE
1216008,TRUE
2169535,TRUE
376165,TRUE
111143,TRUE
74033,TRUE
1220586,TRUE
28264,TRUE
57028,TRUE
84480,TRUE
1054972,TRUE
684065,TRUE
80852,TRUE
767787,TRUE
486507,TRUE
688,TRUE
148814,TRUE
511998,TRUE
1120965,TRUE
227715,TRUE
373,TRUE
94136,TRUE
1445,TRUE
1298605,TRUE
218821,TRUE
237018,TRUE
78554,TRUE
40269,TRUE
2676787,TRUE
208445,TRUE
115433,TRUE
87645,TRUE
208443,TRUE
83263,TRUE
1265506,TRUE
1550733,TRUE
1293573,TRUE
278991,TRUE
70586,TRUE
89772,TRUE
2547397,TRUE
267746,TRUE
2053504,TRUE
1745854,TRUE
1471590,TRUE
883081,TRUE
1284240,TRUE
70582,TRUE
252597,TRUE
2071609,TRUE
2562278,TRUE
181658,TRUE
1603,TRUE
294699,TRUE
69279,TRUE
748908,TRUE
650004,TRUE
405212,TRUE
1963835,TRUE
1255277,TRUE
112413,TRUE
237019,TRUE
89784,TRUE
33910,TRUE
1111479,TRUE
177413,TRUE
1450,TRUE
226505,TRUE
70584,TRUE
226506,TRUE
187982,TRUE
80877,TRUE
143495,TRUE
78527,TRUE
57003,TRUE
2053003,TRUE
217069,TRUE
1938339,TRUE
1391,TRUE
1121008,TRUE
2499833,TRUE
150723,TRUE
279824,TRUE
1872586,TRUE
2501299,TRUE
1121004,TRUE
28108,TRUE
33017,TRUE
2058085,TRUE
76891,TRUE
1904463,TRUE
2820661,TRUE
1396,TRUE
1667,TRUE
1744846,TRUE
670078,TRUE
192,TRUE
1429246,TRUE
354,TRUE
108028,TRUE
28197,TRUE
193,TRUE
28199,TRUE
293387,TRUE
1701758,TRUE
728,TRUE
370622,TRUE
1121028,TRUE
28198,TRUE
1455,TRUE
39487,TRUE
271432,TRUE
131112,TRUE
286727,TRUE
1384638,TRUE
1348470,TRUE
573065,TRUE
1744844,TRUE
1077972,TRUE
170623,TRUE
1658619,TRUE
424757,TRUE
156980,TRUE
1121024,TRUE
692420,TRUE
1314749,TRUE
53367,TRUE
1452,TRUE
110479,TRUE
1397,TRUE
29332,TRUE
136492,TRUE
1121012,TRUE
1930060,TRUE
137265,TRUE
640707,TRUE
1456,TRUE
71253,TRUE
149017,TRUE
1121027,TRUE
1384639,TRUE
1220587,TRUE
225844,TRUE
1348627,TRUE
762,TRUE
2496639,TRUE
95172,TRUE
412384,TRUE
438753,TRUE
226900,TRUE
119858,TRUE
1402,TRUE
1423,TRUE
83428,TRUE
2490859,TRUE
324767,TRUE
137993,TRUE
1404,TRUE
1051501,TRUE
1405,TRUE
1398,TRUE
1408,TRUE
64104,TRUE
96241,TRUE
561879,TRUE
77523,TRUE
135461,TRUE
279010,TRUE
92181,TRUE
52764,TRUE
110578,TRUE
519,TRUE
774,TRUE
111504,TRUE
151419,TRUE
382640,TRUE
84757,TRUE
518,TRUE
1393,TRUE
1404768,TRUE
291186,TRUE
236402,TRUE
35814,TRUE
291188,TRUE
803,TRUE
291187,TRUE
219301,TRUE
123899,TRUE
56361,TRUE
47735,TRUE
47845,TRUE
1685,TRUE
1550728,TRUE
54910,TRUE
520,TRUE
108015,TRUE
56426,TRUE
291189,TRUE
270250,TRUE
151416,TRUE
232259,TRUE
999,TRUE
128782,TRUE
564287,TRUE
34015,TRUE
208480,TRUE
1323734,TRUE
155194,TRUE
1121119,TRUE
2036822,TRUE
375,TRUE
51101,TRUE
151454,TRUE
515489,TRUE
155192,TRUE
124225,TRUE
43992,TRUE
47847,TRUE
165694,TRUE
54911,TRUE
109472,TRUE
94624,TRUE
156892,TRUE
1235480,TRUE
56055,TRUE
1216982,TRUE
45462,TRUE
53364,TRUE
232444,TRUE
225845,TRUE
197,TRUE
267745,TRUE
95485,TRUE
292,TRUE
33889,TRUE
74312,TRUE
53363,TRUE
83828,TRUE
195,TRUE
196,TRUE
172043,TRUE
200475,TRUE
571256,TRUE
94626,TRUE
863522,TRUE
33942,TRUE
199591,TRUE
152500,TRUE
337,TRUE
215590,TRUE
419475,TRUE
1703,TRUE
278990,TRUE
28095,TRUE
169176,TRUE
360054,TRUE
74329,TRUE
74313,TRUE
91353,TRUE
419474,TRUE
1408360,TRUE
170994,TRUE
28898,TRUE
74311,TRUE
293,TRUE
57975,TRUE
41899,TRUE
1031564,TRUE
173959,TRUE
1176492,TRUE
60550,TRUE
1007087,TRUE
199,TRUE
152480,TRUE
101571,TRUE
179879,TRUE
200,TRUE
32020,TRUE
76517,TRUE
94627,TRUE
1265502,TRUE
196367,TRUE
1449978,TRUE
751586,TRUE
2029869,TRUE
32019,TRUE
95486,TRUE
87883,TRUE
75658,TRUE
32024,TRUE
202,TRUE
86179,TRUE
1386082,TRUE
300419,TRUE
304895,TRUE
295069,TRUE
75697,TRUE
53366,TRUE
1859201,TRUE
206,TRUE
1683161,TRUE
979,TRUE
129052,TRUE
1121274,TRUE
67829,TRUE
141390,TRUE
889247,TRUE
1710,TRUE
204089,TRUE
76862,TRUE
155892,TRUE
1758721,TRUE
64323,TRUE
253,TRUE
266748,TRUE
545,TRUE
190650,TRUE
1639133,TRUE
160396,TRUE
1972202,TRUE
1073423,TRUE
67825,TRUE
35703,TRUE
144055,TRUE
546,TRUE
236814,TRUE
121620,TRUE
444444,TRUE
43670,TRUE
1305856,TRUE
194702,TRUE
1335309,TRUE
141389,TRUE
303118,TRUE
204,TRUE
76861,TRUE
67824,TRUE
158484,TRUE
1004,TRUE
1813611,TRUE
509190,TRUE
1121281,TRUE
158823,TRUE
1304281,TRUE
104663,TRUE
311234,TRUE
1071719,TRUE
266749,TRUE
264297,TRUE
442733,TRUE
57706,TRUE
551459,TRUE
28080,TRUE
536979,TRUE
1711,TRUE
485918,TRUE
243365,TRUE
178337,TRUE
205328,TRUE
67827,TRUE
517723,TRUE
67826,TRUE
43765,TRUE
704125,TRUE
1504,TRUE
285,TRUE
1590652,TRUE
1612,TRUE
351628,TRUE
1778406,TRUE
132925,TRUE
1477021,TRUE
205327,TRUE
133448,TRUE
1121356,TRUE
1513592,TRUE
28229,TRUE
83526,TRUE
53374,TRUE
2163172,TRUE
265291,TRUE
238834,TRUE
66219,TRUE
56799,TRUE
132926,TRUE
1967665,TRUE
469383,TRUE
225992,TRUE
1285583,TRUE
2486007,TRUE
1431546,TRUE
52704,TRUE
191610,TRUE
198347,TRUE
71254,TRUE
117506,TRUE
44750,TRUE
205326,TRUE
160825,TRUE
78329,TRUE
38285,TRUE
443253,TRUE
99807,TRUE
1423720,TRUE
360422,TRUE
77524,TRUE
1121355,TRUE
1423770,TRUE
1348662,TRUE
163202,TRUE
211668,TRUE
161896,TRUE
38284,TRUE
2486006,TRUE
1909267,TRUE
548476,TRUE
1121354,TRUE
169292,TRUE
1121350,TRUE
329858,TRUE
89402,TRUE
1697,TRUE
2486003,TRUE
1602,TRUE
1888913,TRUE
194326,TRUE
2801451,TRUE
649754,TRUE
36808,TRUE
1717,TRUE
152794,TRUE
1121357,TRUE
61592,TRUE
108486,TRUE
38289,TRUE
525262,TRUE
38301,TRUE
161902,TRUE
134034,TRUE
146827,TRUE
38304,TRUE
39791,TRUE
43770,TRUE
38288,TRUE
43771,TRUE
1724,TRUE
29321,TRUE
161879,TRUE
89154,TRUE
553207,TRUE
156976,TRUE
156978,TRUE
65058,TRUE
525263,TRUE
1451189,TRUE
57171,TRUE
38290,TRUE
131318,TRUE
1223512,TRUE
187491,TRUE
1719,TRUE
1161097,TRUE
161895,TRUE
161899,TRUE
1437874,TRUE
62629,TRUE
1121365,TRUE
394964,TRUE
548478,TRUE
43990,TRUE
43769,TRUE
35755,TRUE
525268,TRUE
1718,TRUE
28141,TRUE
249406,TRUE
995037,TRUE
330642,TRUE
995038,TRUE
43355,TRUE
82633,TRUE
151783,TRUE
82541,TRUE
41988,TRUE
1001240,TRUE
1765746,TRUE
2592048,TRUE
223556,TRUE
164546,TRUE
2220095,TRUE
313588,TRUE
119219,TRUE
468916,TRUE
80866,TRUE
2294,TRUE
1725,TRUE
33010,TRUE
1349762,TRUE
249403,TRUE
468915,TRUE
86182,TRUE
77585,TRUE
439612,TRUE
101383,TRUE
248026,TRUE
130796,TRUE
68910,TRUE
1424661,TRUE
1849022,TRUE
36740,TRUE
2067988,TRUE
1336244,TRUE
2099376,TRUE
84982,TRUE
995039,TRUE
990371,TRUE
195930,TRUE
80879,TRUE
895,TRUE
2217664,TRUE
320787,TRUE
84983,TRUE
413497,TRUE
1926290,TRUE
1349750,TRUE
468914,TRUE
151654,TRUE
1121381,TRUE
1511599,TRUE
249408,TRUE
942865,TRUE
1424659,TRUE
468913,TRUE
453224,TRUE
111831,TRUE
47478,TRUE
84981,TRUE
2035,TRUE
1121385,TRUE
1727,TRUE
33011,TRUE
985,TRUE
319795,TRUE
249189,TRUE
1158603,TRUE
388466,TRUE
44008,TRUE
238,TRUE
304417,TRUE
1352,TRUE
84521,TRUE
84974,TRUE
2047966,TRUE
1891644,TRUE
194963,TRUE
1027360,TRUE
84979,TRUE
550,TRUE
2018669,TRUE
40414,TRUE
1121902,TRUE
1351,TRUE
1218093,TRUE
742766,TRUE
570835,TRUE
247,TRUE
53345,TRUE
57732,TRUE
2491114,TRUE
1298604,TRUE
110322,TRUE
84980,TRUE
651661,TRUE
1123320,TRUE
299766,TRUE
2024995,TRUE
71452,TRUE
1216966,TRUE
91359,TRUE
1453587,TRUE
636,TRUE
37734,TRUE
160453,TRUE
301102,TRUE
1354261,TRUE
172045,TRUE
304413,TRUE
888064,TRUE
317010,TRUE
106592,TRUE
1121871,TRUE
471854,TRUE
1158607,TRUE
380,TRUE
158892,TRUE
29394,TRUE
1355,TRUE
214095,TRUE
728005,TRUE
2480627,TRUE
2005703,TRUE
158836,TRUE
69219,TRUE
1353,TRUE
112904,TRUE
69218,TRUE
36856,TRUE
1121485,TRUE
299767,TRUE
41997,TRUE
61645,TRUE
110321,TRUE
546274,TRUE
1218091,TRUE
382,TRUE
716541,TRUE
69224,TRUE
1112,TRUE
88132,TRUE
562,TRUE
1648,TRUE
2584124,TRUE
38402,TRUE
206499,TRUE
69222,TRUE
1044,TRUE
225084,TRUE
225971,TRUE
92490,TRUE
255984,TRUE
196588,TRUE
1121872,TRUE
536056,TRUE
525280,TRUE
1121874,TRUE
198312,TRUE
291985,TRUE
35811,TRUE
1115511,TRUE
662541,TRUE
1958945,TRUE
39960,TRUE
481805,TRUE
1408438,TRUE
1041826,TRUE
87458,TRUE
2038737,TRUE
178214,TRUE
157463,TRUE
137730,TRUE
120956,TRUE
180441,TRUE
565,TRUE
1928857,TRUE
38282,TRUE
87650,TRUE
79879,TRUE
1002,TRUE
1926602,TRUE
96345,TRUE
225843,TRUE
2354,TRUE
182136,TRUE
1128970,TRUE
178355,TRUE
271156,TRUE
983,TRUE
229204,TRUE
640331,TRUE
245,TRUE
1121891,TRUE
239,TRUE
82347,TRUE
1819566,TRUE
2483811,TRUE
1852971,TRUE
1905680,TRUE
1859473,TRUE
217511,TRUE
82135,TRUE
2702,TRUE
229205,TRUE
1859475,TRUE
2676123,TRUE
69322,TRUE
29528,TRUE
2541731,TRUE
1218111,TRUE
1614,TRUE
1337839,TRUE
94137,TRUE
99286,TRUE
935223,TRUE
750,TRUE
178356,TRUE
2676122,TRUE
935224,TRUE
991,TRUE
996,TRUE
2023265,TRUE
70993,TRUE
1111730,TRUE
2024526,TRUE
271157,TRUE
1886782,TRUE
145483,TRUE
1852970,TRUE
986,TRUE
1389955,TRUE
585528,TRUE
49280,TRUE
1245754,TRUE
728004,TRUE
1379,TRUE
1121924,TRUE
66228,TRUE
84136,TRUE
2055,TRUE
2018084,TRUE
1027371,TRUE
84135,TRUE
291193,TRUE
937593,TRUE
29391,TRUE
2590999,TRUE
1305624,TRUE
1422,TRUE
168480,TRUE
36823,TRUE
52020,TRUE
1463159,TRUE
738,TRUE
1307940,TRUE
257438,TRUE
1229971,TRUE
169050,TRUE
2054,TRUE
1121923,TRUE
1167637,TRUE
38308,TRUE
442,TRUE
89584,TRUE
13076,TRUE
291190,TRUE
81950,TRUE
1121922,TRUE
1075090,TRUE
1796469,TRUE
1223543,TRUE
154117,TRUE
525245,TRUE
180194,TRUE
38307,TRUE
142834,TRUE
291192,TRUE
1089551,TRUE
36822,TRUE
59602,TRUE
1905676,TRUE
180197,TRUE
135517,TRUE
80883,TRUE
1223544,TRUE
112140,TRUE
291191,TRUE
1121927,TRUE
1121925,TRUE
84595,TRUE
546270,TRUE
84096,TRUE
161153,TRUE
83341,TRUE
1965328,TRUE
1223541,TRUE
348442,TRUE
1220595,TRUE
86665,TRUE
311194,TRUE
333374,TRUE
470774,TRUE
626369,TRUE
1227455,TRUE
77097,TRUE
1931228,TRUE
727,TRUE
673,TRUE
229007,TRUE
150024,TRUE
730,TRUE
137733,TRUE
46124,TRUE
279359,TRUE
178774,TRUE
1477018,TRUE
57705,TRUE
2246,TRUE
178340,TRUE
86177,TRUE
252,TRUE
1172368,TRUE
726,TRUE
1095744,TRUE
638301,TRUE
137732,TRUE
729,TRUE
195088,TRUE
52021,TRUE
1035188,TRUE
115551,TRUE
1121940,TRUE
272239,TRUE
42565,TRUE
735,TRUE
43776,TRUE
272240,TRUE
179637,TRUE
123834,TRUE
257772,TRUE
29571,TRUE
1121941,TRUE
1796497,TRUE
192814,TRUE
74661,TRUE
2746,TRUE
245385,TRUE
199441,TRUE
117606,TRUE
447421,TRUE
44935,TRUE
258591,TRUE
77098,TRUE
910996,TRUE
1890675,TRUE
213,TRUE
261291,TRUE
135577,TRUE
210,TRUE
29283,TRUE
102619,TRUE
863372,TRUE
53368,TRUE
64713,TRUE
212,TRUE
334424,TRUE
190892,TRUE
2247,TRUE
1867106,TRUE
262209,TRUE
32025,TRUE
38875,TRUE
63658,TRUE
731,TRUE
513160,TRUE
65656,TRUE
249410,TRUE
1524095,TRUE
29419,TRUE
616997,TRUE
72026,TRUE
217,TRUE
263723,TRUE
1121903,TRUE
180200,TRUE
2232097,TRUE
2248,TRUE
35743,TRUE
81030,TRUE
2025510,TRUE
1227486,TRUE
103817,TRUE
2025508,TRUE
36863,TRUE
373890,TRUE
1121947,TRUE
1433843,TRUE
1562124,TRUE
95149,TRUE
1484,TRUE
82805,TRUE
927,TRUE
235279,TRUE
29284,TRUE
119644,TRUE
157838,TRUE
1867101,TRUE
1122125,TRUE
249409,TRUE
37372,TRUE
89093,TRUE
2496266,TRUE
797114,TRUE
1850093,TRUE
46224,TRUE
53458,TRUE
297,TRUE
2044852,TRUE
213312,TRUE
263724,TRUE
80842,TRUE
214,TRUE
65786,TRUE
80876,TRUE
645990,TRUE
1776856,TRUE
256549,TRUE
1053688,TRUE
1216968,TRUE
639313,TRUE
759411,TRUE
281739,TRUE
1236770,TRUE
89967,TRUE
887062,TRUE
76936,TRUE
112009,TRUE
412687,TRUE
1121088,TRUE
543526,TRUE
552535,TRUE
180195,TRUE
86667,TRUE
1868794,TRUE
2021220,TRUE
573,TRUE
281473,TRUE
548,TRUE
188906,TRUE
1812261,TRUE
1868793,TRUE
84634,TRUE
84632,TRUE
221725,TRUE
2058152,TRUE
178899,TRUE
282197,TRUE
499547,TRUE
131568,TRUE
262806,TRUE
574,TRUE
571,TRUE
888741,TRUE
135826,TRUE
206506,TRUE
1028307,TRUE
37633,TRUE
110845,TRUE
1122131,TRUE
84633,TRUE
88074,TRUE
244366,TRUE
71999,TRUE
236068,TRUE
28448,TRUE
89059,TRUE
72407,TRUE
72000,TRUE
1579,TRUE
1053551,TRUE
66229,TRUE
1604,TRUE
1218801,TRUE
208223,TRUE
171523,TRUE
39831,TRUE
378753,TRUE
60450,TRUE
271881,TRUE
138300,TRUE
1580,TRUE
3378537,TRUE
182640,TRUE
1218113,TRUE
47770,TRUE
1385520,TRUE
1275,TRUE
157779,TRUE
184882,TRUE
236067,TRUE
57909,TRUE
1600,TRUE
73098,TRUE
1590,TRUE
1584,TRUE
390333,TRUE
291184,TRUE
1307938,TRUE
1849719,TRUE
1607,TRUE
1638993,TRUE
1463165,TRUE
381742,TRUE
83683,TRUE
337330,TRUE
1940525,TRUE
33995,TRUE
2529380,TRUE
1937692,TRUE
722689,TRUE
478801,TRUE
2024736,TRUE
1177180,TRUE
1582,TRUE
1423736,TRUE
1585,TRUE
1596,TRUE
116089,TRUE
151781,TRUE
29397,TRUE
147802,TRUE
109790,TRUE
1587,TRUE
83684,TRUE
1613,TRUE
1598,TRUE
1597,TRUE
1903258,TRUE
190905,TRUE
52242,TRUE
47715,TRUE
33959,TRUE
237446,TRUE
60520,TRUE
249265,TRUE
2559914,TRUE
1203033,TRUE
88164,TRUE
938155,TRUE
872327,TRUE
97478,TRUE
2107999,TRUE
888027,TRUE
1624,TRUE
2568007,TRUE
1622,TRUE
1484109,TRUE
69220,TRUE
380393,TRUE
168471,TRUE
1623,TRUE
55969,TRUE
267364,TRUE
1940789,TRUE
1423739,TRUE
60519,TRUE
33968,TRUE
61646,TRUE
1122176,TRUE
1255629,TRUE
110933,TRUE
103732,TRUE
1359,TRUE
1354266,TRUE
1835722,TRUE
2419773,TRUE
295065,TRUE
2528642,TRUE
1581,TRUE
33965,TRUE
57037,TRUE
2487722,TRUE
267363,TRUE
68170,TRUE
152331,TRUE
1481894,TRUE
2562452,TRUE
137357,TRUE
1293599,TRUE
198706,TRUE
191389,TRUE
147809,TRUE
333963,TRUE
164393,TRUE
1605,TRUE
1423716,TRUE
150026,TRUE
216463,TRUE
267633,TRUE
33962,TRUE
47671,TRUE
65499,TRUE
1983706,TRUE
1958811,TRUE
396716,TRUE
2487723,TRUE
1907578,TRUE
2202201,TRUE
175306,TRUE
307126,TRUE
40571,TRUE
431273,TRUE
1245,TRUE
1511761,TRUE
446820,TRUE
390841,TRUE
200379,TRUE
28038,TRUE
886872,TRUE
390842,TRUE
2202203,TRUE
1588,TRUE
1246,TRUE
1360,TRUE
278132,TRUE
148604,TRUE
417373,TRUE
1421,TRUE
1639,TRUE
33984,TRUE
198483,TRUE
1632,TRUE
28031,TRUE
85403,TRUE
131080,TRUE
227942,TRUE
1122183,TRUE
202752,TRUE
263067,TRUE
104955,TRUE
75985,TRUE
198484,TRUE
1641,TRUE
1645665,TRUE
1849019,TRUE
69968,TRUE
1638,TRUE
28169,TRUE
144022,TRUE
1643,TRUE
1643323,TRUE
74318,TRUE
399370,TRUE
2696285,TRUE
1642,TRUE
1220589,TRUE
1122191,TRUE
115542,TRUE
181675,TRUE
144023,TRUE
1859460,TRUE
1846261,TRUE
88874,TRUE
198482,TRUE
69967,TRUE
85401,TRUE
1633,TRUE
645597,TRUE
1610,TRUE
287097,TRUE
85404,TRUE
47493,TRUE
1296,TRUE
228957,TRUE
1640,TRUE
1930061,TRUE
144025,TRUE
195913,TRUE
1354027,TRUE
2304603,TRUE
129985,TRUE
69369,TRUE
1168289,TRUE
96941,TRUE
135739,TRUE
1122214,TRUE
1647648,TRUE
191770,TRUE
348609,TRUE
33885,TRUE
1485217,TRUE
1122237,TRUE
2765360,TRUE
48076,TRUE
1300310,TRUE
69365,TRUE
1931232,TRUE
643867,TRUE
1348634,TRUE
2739064,TRUE
1371,TRUE
1006,TRUE
1033846,TRUE
323761,TRUE
199596,TRUE
71433,TRUE
153731,TRUE
1111733,TRUE
1792834,TRUE
258723,TRUE
33918,TRUE
2037900,TRUE
69367,TRUE
33884,TRUE
209639,TRUE
64975,TRUE
1603353,TRUE
61656,TRUE
69974,TRUE
989,TRUE
374837,TRUE
1679163,TRUE
2014805,TRUE
313587,TRUE
162393,TRUE
82380,TRUE
262077,TRUE
295068,TRUE
266835,TRUE
262076,TRUE
29427,TRUE
1300302,TRUE
1300294,TRUE
39645,TRUE
1300283,TRUE
33917,TRUE
442526,TRUE
199592,TRUE
126843,TRUE
270350,TRUE
1458122,TRUE
119864,TRUE
1300272,TRUE
1524097,TRUE
1223527,TRUE
2725995,TRUE
270351,TRUE
1163748,TRUE
227605,TRUE
86796,TRUE
36805,TRUE
28104,TRUE
279826,TRUE
39956,TRUE
36807,TRUE
408,TRUE
269069,TRUE
1267217,TRUE
57043,TRUE
49186,TRUE
39844,TRUE
133552,TRUE
1452538,TRUE
1917180,TRUE
940190,TRUE
67574,TRUE
462710,TRUE
48074,TRUE
1091046,TRUE
1791,TRUE
1770,TRUE
261654,TRUE
582,TRUE
111292,TRUE
69362,TRUE
187980,TRUE
478,TRUE
1716077,TRUE
90240,TRUE
227316,TRUE
346665,TRUE
69368,TRUE
355930,TRUE
34062,TRUE
428031,TRUE
39687,TRUE
44454,TRUE
1908308,TRUE
121616,TRUE
319709,TRUE
279828,TRUE
2033,TRUE
78556,TRUE
247022,TRUE
90241,TRUE
1790,TRUE
230091,TRUE
179095,TRUE
1336243,TRUE
69370,TRUE
3344666,TRUE
180434,TRUE
262898,TRUE
1955052,TRUE
57480,TRUE
692994,TRUE
89067,TRUE
1391627,TRUE
254955,TRUE
1401690,TRUE
1202962,TRUE
337005,TRUE
180435,TRUE
29405,TRUE
1799,TRUE
1270,TRUE
1354267,TRUE
254954,TRUE
156977,TRUE
1855725,TRUE
86173,TRUE
69539,TRUE
110539,TRUE
1812349,TRUE
111291,TRUE
80854,TRUE
886377,TRUE
1764,TRUE
37916,TRUE
126673,TRUE
75922,TRUE
36813,TRUE
1794,TRUE
1335622,TRUE
228230,TRUE
292462,TRUE
190147,TRUE
75920,TRUE
1226752,TRUE
1793,TRUE
43304,TRUE
28045,TRUE
83262,TRUE
146017,TRUE
1783,TRUE
56689,TRUE
1773,TRUE
1226753,TRUE
1766,TRUE
29314,TRUE
1777,TRUE
39688,TRUE
169765,TRUE
1209984,TRUE
146021,TRUE
43348,TRUE
1122247,TRUE
39695,TRUE
1804,TRUE
187102,TRUE
1810,TRUE
1775,TRUE
1772,TRUE
1800,TRUE
1787,TRUE
76832,TRUE
1236609,TRUE
561067,TRUE
98668,TRUE
39694,TRUE
1792,TRUE
144549,TRUE
44010,TRUE
1768,TRUE
144550,TRUE
258533,TRUE
28445,TRUE
146018,TRUE
1265312,TRUE
53376,TRUE
212765,TRUE
153971,TRUE
36814,TRUE
39691,TRUE
141349,TRUE
1784,TRUE
110505,TRUE
222805,TRUE
1460372,TRUE
1801,TRUE
216929,TRUE
1341646,TRUE
1788,TRUE
319706,TRUE
1782,TRUE
39692,TRUE
1781,TRUE
28047,TRUE
1776,TRUE
258505,TRUE
220927,TRUE
39693,TRUE
47839,TRUE
59750,TRUE
2212479,TRUE
1780,TRUE
1789,TRUE
1807,TRUE
525368,TRUE
1767,TRUE
1797,TRUE
1778,TRUE
1771,TRUE
1823,TRUE
1206723,TRUE
53461,TRUE
326522,TRUE
257275,TRUE
1206739,TRUE
326523,TRUE
1210076,TRUE
75688,TRUE
282199,TRUE
28091,TRUE
145285,TRUE
2576308,TRUE
63128,TRUE
1206735,TRUE
941184,TRUE
228599,TRUE
67774,TRUE
1691563,TRUE
83456,TRUE
209246,TRUE
1227500,TRUE
1314754,TRUE
37330,TRUE
797304,TRUE
1210093,TRUE
797303,TRUE
37329,TRUE
37327,TRUE
45979,TRUE
28449,TRUE
1206721,TRUE
64602,TRUE
29288,TRUE
1210067,TRUE
228600,TRUE
640030,TRUE
248552,TRUE
53430,TRUE
53432,TRUE
132249,TRUE
300029,TRUE
209249,TRUE
280618,TRUE
53429,TRUE
263910,TRUE
1210098,TRUE
619304,TRUE
1227495,TRUE
1210096,TRUE
37333,TRUE
1210080,TRUE
480520,TRUE
1931275,TRUE
37332,TRUE
44470,TRUE
1818,TRUE
67263,TRUE
150832,TRUE
1210072,TRUE
1210070,TRUE
208602,TRUE
85688,TRUE
1210073,TRUE
37328,TRUE
1210089,TRUE
1206728,TRUE
34011,TRUE
1206736,TRUE
1210071,TRUE
95162,TRUE
115979,TRUE
1206734,TRUE
2800120,TRUE
220687,TRUE
1223549,TRUE
13769,TRUE
34,TRUE
179467,TRUE
203799,TRUE
1804624,TRUE
109329,TRUE
694055,TRUE
46182,TRUE
29299,TRUE
867902,TRUE
46176,TRUE
141693,TRUE
135193,TRUE
2479765,TRUE
60489,TRUE
391616,TRUE
529,TRUE
125288,TRUE
2014,TRUE
46179,TRUE
96468,TRUE
180198,TRUE
46178,TRUE
158500,TRUE
46177,TRUE
1909734,TRUE
1246444,TRUE
43678,TRUE
1888209,TRUE
46181,TRUE
161536,TRUE
189691,TRUE
82346,TRUE
209247,TRUE
28255,TRUE
59839,TRUE
279238,TRUE
450804,TRUE
157465,TRUE
200618,TRUE
179819,TRUE
37484,TRUE
109465,TRUE
180199,TRUE
46172,TRUE
182710,TRUE
124285,TRUE
157839,TRUE
1220558,TRUE
1655543,TRUE
1247,TRUE
44251,TRUE
1255632,TRUE
46173,TRUE
2047734,TRUE
65515,TRUE
59846,TRUE
205844,TRUE
1820010,TRUE
160799,TRUE
109330,TRUE
1849018,TRUE
171404,TRUE
130049,TRUE
171401,TRUE
48935,TRUE
171693,TRUE
46171,TRUE
46180,TRUE
116718,TRUE
46174,TRUE
129578,TRUE
1219057,TRUE
391626,TRUE
160689,TRUE
221028,TRUE
1246485,TRUE
46240,TRUE
188908,TRUE
260085,TRUE
2136109,TRUE
103815,TRUE
103838,TRUE
1924271,TRUE
253703,TRUE
1354268,TRUE
220378,TRUE
141451,TRUE
79264,TRUE
64978,TRUE
290586,TRUE
84158,TRUE
717606,TRUE
237530,TRUE
29320,TRUE
134537,TRUE
1349779,TRUE
93221,TRUE
1220565,TRUE
1977292,TRUE
1406,TRUE
2020716,TRUE
1477,TRUE
200132,TRUE
93222,TRUE
1837343,TRUE
288426,TRUE
44252,TRUE
114136,TRUE
1378093,TRUE
2489174,TRUE
1349794,TRUE
157910,TRUE
1122929,TRUE
1464,TRUE
93219,TRUE
1349777,TRUE
225915,TRUE
55209,TRUE
2049468,TRUE
274593,TRUE
172713,TRUE
117184,TRUE
252970,TRUE
159450,TRUE
75105,TRUE
219649,TRUE
1220566,TRUE
60549,TRUE
1945662,TRUE
34004,TRUE
78058,TRUE
59814,TRUE
60548,TRUE
228574,TRUE
2006130,TRUE
279208,TRUE
1087481,TRUE
92647,TRUE
34005,TRUE
670079,TRUE
169760,TRUE
160487,TRUE
1200993,TRUE
2048549,TRUE
65735,TRUE
78057,TRUE
135740,TRUE
1122925,TRUE
2057004,TRUE
1526551,TRUE
553,TRUE
1367847,TRUE
1446473,TRUE
34007,TRUE
44253,TRUE
1218115,TRUE
189426,TRUE
93218,TRUE
1917181,TRUE
189685,TRUE
169430,TRUE
49283,TRUE
82367,TRUE
34006,TRUE
34002,TRUE
1701573,TRUE
53463,TRUE
89498,TRUE
184748,TRUE
169427,TRUE
257454,TRUE
2884454,TRUE
290306,TRUE
36873,TRUE
2491866,TRUE
77675,TRUE
2489002,TRUE
1820333,TRUE
266,TRUE
93220,TRUE
148447,TRUE
74109,TRUE
326544,TRUE
1813876,TRUE
101689,TRUE
151894,TRUE
304,TRUE
747,TRUE
1254,TRUE
2478468,TRUE
2023717,TRUE
1426,TRUE
425511,TRUE
1302659,TRUE
1909290,TRUE
1920505,TRUE
2817027,TRUE
230089,TRUE
279827,TRUE
1674310,TRUE
153151,TRUE
866565,TRUE
38293,TRUE
81857,TRUE
200904,TRUE
1174504,TRUE
425512,TRUE
176291,TRUE
171441,TRUE
173053,TRUE
2027871,TRUE
531,TRUE
29443,TRUE
866564,TRUE
221799,TRUE
56192,TRUE
984,TRUE
1580596,TRUE
55207,TRUE
2081981,TRUE
55208,TRUE
146806,TRUE
102,TRUE
228899,TRUE
1796922,TRUE
1614636,TRUE
425514,TRUE
264736,TRUE
1920175,TRUE
553611,TRUE
38294,TRUE
244,TRUE
141679,TRUE
171438,TRUE
28101,TRUE
504936,TRUE
425513,TRUE
106147,TRUE
1826909,TRUE
342950,TRUE
1769250,TRUE
1614635,TRUE
161361,TRUE
54062,TRUE
414049,TRUE
913101,TRUE
543877,TRUE
171439,TRUE
332657,TRUE
1965254,TRUE
335476,TRUE
1642819,TRUE
230088,TRUE
2170575,TRUE
658,TRUE
21,TRUE
81476,TRUE
1855371,TRUE
703,TRUE
1517763,TRUE
151784,TRUE
1354269,TRUE
291112,TRUE
1843235,TRUE
1248440,TRUE
61647,TRUE
53483,TRUE
555,TRUE
556055,TRUE
584,TRUE
288,TRUE
287,TRUE
98671,TRUE
585,TRUE
43657,TRUE
126385,TRUE
185641,TRUE
43659,TRUE
43656,TRUE
1835254,TRUE
2697569,TRUE
1846260,TRUE
61150,TRUE
1743165,TRUE
556054,TRUE
587,TRUE
588,TRUE
156979,TRUE
176898,TRUE
1115515,TRUE
1977320,TRUE
351345,TRUE
556053,TRUE
195748,TRUE
2050951,TRUE
1521328,TRUE
394751,TRUE
184924,TRUE
1973495,TRUE
272241,TRUE
2694930,TRUE
1938816,TRUE
53247,TRUE
93380,TRUE
298657,TRUE
386305,TRUE
183417,TRUE
93369,TRUE
163879,TRUE
1117318,TRUE
333965,TRUE
2042995,TRUE
566,TRUE
1888912,TRUE
166935,TRUE
328412,TRUE
1703256,TRUE
2027290,TRUE
1348114,TRUE
1315273,TRUE
2478538,TRUE
1117314,TRUE
1424337,TRUE
1236530,TRUE
1123015,TRUE
1236529,TRUE
254161,TRUE
29438,TRUE
316,TRUE
291995,TRUE
29435,TRUE
78327,TRUE
301,TRUE
294,TRUE
47885,TRUE
3110772,TRUE
43263,TRUE
298,TRUE
53406,TRUE
46679,TRUE
76759,TRUE
303,TRUE
76760,TRUE
2968969,TRUE
86175,TRUE
86186,TRUE
3022791,TRUE
1215114,TRUE
425504,TRUE
300,TRUE
46257,TRUE
2968968,TRUE
1215105,TRUE
1215106,TRUE
915099,TRUE
1215103,TRUE
306,TRUE
1215093,TRUE
74829,TRUE
86183,TRUE
298908,TRUE
1215098,TRUE
1218129,TRUE
1215092,TRUE
203192,TRUE
2994495,TRUE
333,TRUE
1215115,TRUE
211669,TRUE
145373,TRUE
281467,TRUE
1491831,TRUE
176598,TRUE
1461,TRUE
54011,TRUE
57029,TRUE
45611,TRUE
75291,TRUE
3074860,TRUE
54010,TRUE
69284,TRUE
2586924,TRUE
1646,TRUE
1123032,TRUE
1577474,TRUE
266061,TRUE
317,TRUE
1123025,TRUE
126157,TRUE
190721,TRUE
1336806,TRUE
88364,TRUE
1077947,TRUE
1871065,TRUE
54291,TRUE
289483,TRUE
357794,TRUE
33888,TRUE
34038,TRUE
2020870,TRUE
1896944,TRUE
1750,TRUE
154108,TRUE
49278,TRUE
153494,TRUE
574964,TRUE
37331,TRUE
2282554,TRUE
575,TRUE
76761,TRUE
1123021,TRUE
29449,TRUE
1123036,TRUE
1795041,TRUE
128785,TRUE
33907,TRUE
2231601,TRUE
67573,TRUE
174037,TRUE
1921578,TRUE
230495,TRUE
75289,TRUE
83619,TRUE
153376,TRUE
204072,TRUE
158891,TRUE
1891671,TRUE
197345,TRUE
632140,TRUE
33887,TRUE
384,TRUE
1678131,TRUE
173990,TRUE
105219,TRUE
52131,TRUE
147825,TRUE
762903,TRUE
156994,TRUE
102227,TRUE
145458,TRUE
251,TRUE
1218114,TRUE
67576,TRUE
2583231,TRUE
305977,TRUE
197461,TRUE
2879115,TRUE
1484460,TRUE
56810,TRUE
1636188,TRUE
1113655,TRUE
192812,TRUE
453575,TRUE
158890,TRUE
359,TRUE
103816,TRUE
418630,TRUE
219571,TRUE
74031,TRUE
1949083,TRUE
57676,TRUE
49319,TRUE
1123064,TRUE
189381,TRUE
257708,TRUE
194249,TRUE
1903072,TRUE
1123060,TRUE
189382,TRUE
1220581,TRUE
1949082,TRUE
50717,TRUE
1829,TRUE
1062,TRUE
198092,TRUE
1673,TRUE
93684,TRUE
191292,TRUE
693023,TRUE
85336,TRUE
1219023,TRUE
89524,TRUE
42256,TRUE
1715692,TRUE
53972,TRUE
656894,TRUE
169480,TRUE
1869190,TRUE
418750,TRUE
172042,TRUE
129922,TRUE
351205,TRUE
1448136,TRUE
1054996,TRUE
76305,TRUE
77777,TRUE
336829,TRUE
184065,TRUE
143223,TRUE
93683,TRUE
101070,TRUE
159346,TRUE
223392,TRUE
758,TRUE
1888910,TRUE
439029,TRUE
269796,TRUE
1812262,TRUE
87461,TRUE
1188250,TRUE
28092,TRUE
1219030,TRUE
150831,TRUE
982,TRUE
1981892,TRUE
52603,TRUE
1816181,TRUE
43057,TRUE
1949081,TRUE
1808881,TRUE
43767,TRUE
1123231,TRUE
2060666,TRUE
33008,TRUE
300028,TRUE
43675,TRUE
1349768,TRUE
396,TRUE
386302,TRUE
525371,TRUE
1336208,TRUE
1949085,TRUE
287099,TRUE
99655,TRUE
1061,TRUE
38312,TRUE
13656,TRUE
160791,TRUE
81569,TRUE
201185,TRUE
1783499,TRUE
1658618,TRUE
2434,TRUE
146919,TRUE
398,TRUE
74570,TRUE
28901,TRUE
430457,TRUE
1267424,TRUE
1123237,TRUE
404433,TRUE
149710,TRUE
394506,TRUE
459885,TRUE
59203,TRUE
286802,TRUE
59202,TRUE
2703793,TRUE
286804,TRUE
1236523,TRUE
131111,TRUE
1123251,TRUE
181487,TRUE
615,TRUE
1660,TRUE
131110,TRUE
59205,TRUE
52768,TRUE
132933,TRUE
1737515,TRUE
100469,TRUE
1120946,TRUE
523696,TRUE
59207,TRUE
52773,TRUE
59201,TRUE
61651,TRUE
1454,TRUE
458197,TRUE
29316,TRUE
160434,TRUE
1574308,TRUE
1123240,TRUE
1120947,TRUE
1966460,TRUE
240427,TRUE
25,TRUE
2703794,TRUE
93973,TRUE
623,TRUE
38313,TRUE
300181,TRUE
637905,TRUE
43661,TRUE
260365,TRUE
622,TRUE
82996,TRUE
271098,TRUE
311789,TRUE
271097,TRUE
1336233,TRUE
137545,TRUE
271099,TRUE
150120,TRUE
61652,TRUE
256839,TRUE
271096,TRUE
50422,TRUE
2590884,TRUE
260364,TRUE
23,TRUE
60961,TRUE
212020,TRUE
2487742,TRUE
934143,TRUE
621,TRUE
1738770,TRUE
225848,TRUE
24,TRUE
624,TRUE
1219051,TRUE
28454,TRUE
1280,TRUE
120107,TRUE
1837376,TRUE
1987382,TRUE
13689,TRUE
301154,TRUE
152682,TRUE
254757,TRUE
563,TRUE
121428,TRUE
254759,TRUE
28212,TRUE
1459,TRUE
1715693,TRUE
33052,TRUE
254758,TRUE
80881,TRUE
1090320,TRUE
1826607,TRUE
1848194,TRUE
1208342,TRUE
33018,TRUE
1219039,TRUE
1955255,TRUE
269672,TRUE
117207,TRUE
1220576,TRUE
651663,TRUE
93065,TRUE
39122,TRUE
1813878,TRUE
37483,TRUE
447471,TRUE
570012,TRUE
166793,TRUE
33027,TRUE
1219048,TRUE
1641715,TRUE
33050,TRUE
1591408,TRUE
1476,TRUE
630626,TRUE
68569,TRUE
257003,TRUE
1123264,TRUE
28214,TRUE
1742264,TRUE
995,TRUE
1219054,TRUE
76947,TRUE
913100,TRUE
185951,TRUE
28213,TRUE
93064,TRUE
185950,TRUE
172044,TRUE
135719,TRUE
77025,TRUE
173675,TRUE
46429,TRUE
13690,TRUE
108,TRUE
1219059,TRUE
29378,TRUE
56193,TRUE
40681,TRUE
93061,TRUE
1281,TRUE
888745,TRUE
29379,TRUE
1450134,TRUE
40324,TRUE
1282,TRUE
29385,TRUE
1154862,TRUE
74703,TRUE
145393,TRUE
29382,TRUE
83617,TRUE
1292,TRUE
70255,TRUE
201829,TRUE
46126,TRUE
128780,TRUE
176280,TRUE
224030,TRUE
29380,TRUE
1326,TRUE
216778,TRUE
1236960,TRUE
71237,TRUE
1288,TRUE
94138,TRUE
283734,TRUE
170573,TRUE
28035,TRUE
1255645,TRUE
1293,TRUE
72758,TRUE
1283,TRUE
1285,TRUE
246432,TRUE
921,TRUE
1290,TRUE
155085,TRUE
1294,TRUE
336566,TRUE
74707,TRUE
1141106,TRUE
342451,TRUE
176279,TRUE
888833,TRUE
315405,TRUE
165758,TRUE
1311,TRUE
1328,TRUE
29389,TRUE
1105256,TRUE
1329,TRUE
1334,TRUE
1336,TRUE
1123302,TRUE
119602,TRUE
40041,TRUE
1123299,TRUE
1123300,TRUE
1210006,TRUE
1123301,TRUE
76860,TRUE
525379,TRUE
45634,TRUE
197614,TRUE
889201,TRUE
1640501,TRUE
59310,TRUE
1302,TRUE
1671923,TRUE
888746,TRUE
889204,TRUE
1313,TRUE
1303,TRUE
229549,TRUE
28037,TRUE
149015,TRUE
1888195,TRUE
119224,TRUE
102684,TRUE
114652,TRUE
1346,TRUE
1825069,TRUE
1309,TRUE
1337,TRUE
254785,TRUE
82348,TRUE
1936207,TRUE
150054,TRUE
1891914,TRUE
1814128,TRUE
1095731,TRUE
1338,TRUE
1123306,TRUE
1811193,TRUE
1123307,TRUE
1123312,TRUE
246201,TRUE
1307,TRUE
1305,TRUE
1340,TRUE
1314,TRUE
176090,TRUE
257758,TRUE
1304,TRUE
2021971,TRUE
888807,TRUE
1308,TRUE
33904,TRUE
1343,TRUE
66423,TRUE
2006131,TRUE
1911,TRUE
285529,TRUE
1970,TRUE
1124239,TRUE
1303692,TRUE
1314751,TRUE
249581,TRUE
195801,TRUE
1176482,TRUE
90079,TRUE
1706046,TRUE
226217,TRUE
173858,TRUE
53336,TRUE
1695161,TRUE
85558,TRUE
183763,TRUE
59298,TRUE
66894,TRUE
291182,TRUE
198093,TRUE
51201,TRUE
419007,TRUE
149016,TRUE
2029677,TRUE
173856,TRUE
67267,TRUE
1912,TRUE
698418,TRUE
59299,TRUE
1349,TRUE
107401,TRUE
66431,TRUE
285578,TRUE
229486,TRUE
249580,TRUE
82638,TRUE
1701085,TRUE
67339,TRUE
1054862,TRUE
399969,TRUE
291180,TRUE
1128682,TRUE
1123318,TRUE
998084,TRUE
156453,TRUE
909926,TRUE
68228,TRUE
1903071,TRUE
67273,TRUE
2698830,TRUE
146821,TRUE
146819,TRUE
73044,TRUE
249567,TRUE
34071,TRUE
104205,TRUE
1663198,TRUE
476551,TRUE
1305627,TRUE
97398,TRUE
202862,TRUE
55404,TRUE
67581,TRUE
84590,TRUE
104269,TRUE
1888914,TRUE
1934,TRUE
68180,TRUE
47481,TRUE
474953,TRUE
146820,TRUE
2740405,TRUE
227882,TRUE
29303,TRUE
66866,TRUE
53446,TRUE
1887,TRUE
35621,TRUE
68042,TRUE
104270,TRUE
565442,TRUE
104268,TRUE
666,TRUE
63655,TRUE
64642,TRUE
1123359,TRUE
42777,TRUE
2426,TRUE
870903,TRUE
146829,TRUE
218144,TRUE
96773,TRUE
103836,TRUE
1671023,TRUE
340021,TRUE
1869227,TRUE
51173,TRUE
1977868,TRUE
1123515,TRUE
1970234,TRUE
361277,TRUE
1661,TRUE
60443,TRUE
221989,TRUE
401470,TRUE
663,TRUE
1123367,TRUE
158852,TRUE
36861,TRUE
147577,TRUE
332249,TRUE
1123358,TRUE
1671022,TRUE
118246,TRUE
360241,TRUE
111806,TRUE
680,TRUE
120370,TRUE
1123514,TRUE
1123365,TRUE
59561,TRUE
926,TRUE
1970232,TRUE
1977869,TRUE
137584,TRUE
945543,TRUE
153622,TRUE
2056778,TRUE
926566,TRUE
1321610,TRUE
171437,TRUE
57704,TRUE
1679495,TRUE
44753,TRUE
1812100,TRUE
92172,TRUE
53522,TRUE
292806,TRUE
1408478,TRUE
2739,TRUE
76113,TRUE
1912094,TRUE
1219356,TRUE
213588,TRUE
2584524,TRUE
47312,TRUE
82788,TRUE
401471,TRUE
1943576,TRUE
928,TRUE
2061,TRUE
1223522,TRUE
670,TRUE
29494,TRUE
212667,TRUE
1249,TRUE
1583,TRUE
361280,TRUE
190897,TRUE
1123492,TRUE
676,TRUE
104609,TRUE
1348635,TRUE
340172,TRUE
675,TRUE
61016,TRUE
137591,TRUE
278860,TRUE
1219074,TRUE
171383,TRUE
142461,TRUE
672,TRUE
296199,TRUE
29495,TRUE
65505,TRUE
674,TRUE
1763883,TRUE
29497,TRUE
106590,TRUE
71388,TRUE
2036821,TRUE
170651,TRUE
689,TRUE
28172,TRUE
671,TRUE
252583,TRUE
1123498,TRUE
265668,TRUE
203482,TRUE
62763,TRUE
1616,TRUE
1051649,TRUE
1224743,TRUE
190893,TRUE
480284,TRUE
1219068,TRUE
84407,TRUE
224312,TRUE
669,TRUE
393090,TRUE
1051646,TRUE
47951,TRUE
79660,TRUE
101059,TRUE
50718,TRUE
45658,TRUE
1615,TRUE
46256,TRUE
256731,TRUE
302167,TRUE
2100116,TRUE
225323,TRUE
45465,TRUE
170661,TRUE
469869,TRUE
281,TRUE
290111,TRUE
89061,TRUE
33007,TRUE
1382466,TRUE
63186,TRUE
3119913,TRUE
280,TRUE
150053,TRUE
1219362,TRUE
339,TRUE
350,TRUE
333964,TRUE
633,TRUE
287098,TRUE
186280,TRUE
158877,TRUE
202772,TRUE
72806,TRUE
2048558,TRUE
143224,TRUE
1808945,TRUE
29318,TRUE
120045,TRUE
325472,TRUE
155866,TRUE
2483812,TRUE
1502297,TRUE
3119912,TRUE
40561,TRUE
290110,TRUE
245188,TRUE
110,TRUE
398743,TRUE
1629,TRUE
150052,TRUE
