tax_id,thermophilic
32002,TRUE
572545,TRUE
1677857,TRUE
637887,TRUE
46125,TRUE
592010,TRUE
85698,TRUE
1120987,TRUE
97477,TRUE
1750518,TRUE
1515,TRUE
592015,TRUE
288965,TRUE
178900,TRUE
2487273,TRUE
146474,TRUE
33059,TRUE
1307919,TRUE
1307910,TRUE
65959,TRUE
217204,TRUE
2755338,TRUE
49896,TRUE
470,TRUE
1295373,TRUE
72557,TRUE
1160895,TRUE
667306,TRUE
28049,TRUE
72556,TRUE
619593,TRUE
41673,TRUE
1389922,TRUE
1872118,TRUE
1765684,TRUE
209650,TRUE
12915,TRUE
242703,TRUE
439481,TRUE
105851,TRUE
1294263,TRUE
524,TRUE
2283,TRUE
1307904,TRUE
525909,TRUE
435,TRUE
202950,TRUE
217203,TRUE
1255278,TRUE
29430,TRUE
40214,TRUE
106649,TRUE
40215,TRUE
28090,TRUE
1311804,TRUE
472,TRUE
471,TRUE
106648,TRUE
202955,TRUE
719,TRUE
51049,TRUE
70347,TRUE
887324,TRUE
134533,TRUE
48296,TRUE
1657,TRUE
108981,TRUE
51048,TRUE
547461,TRUE
716,TRUE
202956,TRUE
202948,TRUE
202952,TRUE
202951,TRUE
68992,TRUE
1120934,TRUE
280145,TRUE
40373,TRUE
67854,TRUE
51161,TRUE
155976,TRUE
40216,TRUE
720,TRUE
1120931,TRUE
51047,TRUE
157339,TRUE
2893586,TRUE
123820,TRUE
202954,TRUE
707232,TRUE
722,TRUE
715,TRUE
108980,TRUE
1989,TRUE
430685,TRUE
55565,TRUE
362,TRUE
1658,TRUE
153266,TRUE
332524,TRUE
2291546,TRUE
110935,TRUE
2094049,TRUE
1120944,TRUE
33906,TRUE
33936,TRUE
1120932,TRUE
1120957,TRUE
58112,TRUE
544580,TRUE
1655,TRUE
1656,TRUE
1120941,TRUE
229980,TRUE
87541,TRUE
52769,TRUE
114702,TRUE
1659,TRUE
115335,TRUE
190146,TRUE
219314,TRUE
153267,TRUE
150121,TRUE
267800,TRUE
1868734,TRUE
1367849,TRUE
732,TRUE
2485997,TRUE
119495,TRUE
1768010,TRUE
205332,TRUE
103621,TRUE
59505,TRUE
739,TRUE
2010829,TRUE
128944,TRUE
655812,TRUE
119206,TRUE
1377,TRUE
52767,TRUE
131109,TRUE
111015,TRUE
153730,TRUE
714,TRUE
101385,TRUE
398555,TRUE
633415,TRUE
1376,TRUE
380703,TRUE
171194,TRUE
1872391,TRUE
46353,TRUE
56636,TRUE
1220572,TRUE
237018,TRUE
376165,TRUE
1388,TRUE
1123961,TRUE
1450,TRUE
196587,TRUE
2499833,TRUE
78527,TRUE
1938339,TRUE
1120965,TRUE
201094,TRUE
392011,TRUE
171260,TRUE
883081,TRUE
88373,TRUE
89784,TRUE
1445,TRUE
66864,TRUE
553982,TRUE
99907,TRUE
1457,TRUE
252246,TRUE
1120961,TRUE
79881,TRUE
165814,TRUE
2562278,TRUE
61169,TRUE
1177154,TRUE
2816080,TRUE
1872424,TRUE
392012,TRUE
1255279,TRUE
698758,TRUE
392015,TRUE
373,TRUE
122960,TRUE
2054627,TRUE
405212,TRUE
90970,TRUE
248902,TRUE
2173173,TRUE
2816082,TRUE
94136,TRUE
392016,TRUE
1519374,TRUE
41986,TRUE
42838,TRUE
285091,TRUE
295089,TRUE
1003997,TRUE
767787,TRUE
392014,TRUE
1834418,TRUE
1120971,TRUE
1220586,TRUE
2054628,TRUE
420888,TRUE
1265506,TRUE
392010,TRUE
86665,TRUE
79885,TRUE
237017,TRUE
66863,TRUE
337829,TRUE
444093,TRUE
208443,TRUE
78554,TRUE
237019,TRUE
1255277,TRUE
1111479,TRUE
2071609,TRUE
1216008,TRUE
57028,TRUE
226505,TRUE
32001,TRUE
1284240,TRUE
33910,TRUE
84480,TRUE
294699,TRUE
452565,TRUE
143495,TRUE
218823,TRUE
2613334,TRUE
1173302,TRUE
58290,TRUE
167964,TRUE
1120991,TRUE
1872573,TRUE
247480,TRUE
218822,TRUE
28264,TRUE
28198,TRUE
150248,TRUE
2714,TRUE
108328,TRUE
278991,TRUE
1316941,TRUE
225988,TRUE
1242147,TRUE
1872522,TRUE
581036,TRUE
1120989,TRUE
1603,TRUE
218821,TRUE
572546,TRUE
267746,TRUE
1323375,TRUE
1471590,TRUE
208445,TRUE
28197,TRUE
42448,TRUE
1344584,TRUE
1125971,TRUE
37632,TRUE
265546,TRUE
112413,TRUE
404937,TRUE
886379,TRUE
1550733,TRUE
227715,TRUE
198467,TRUE
148814,TRUE
576944,TRUE
230470,TRUE
759846,TRUE
1185649,TRUE
2234,TRUE
575178,TRUE
74033,TRUE
177413,TRUE
265948,TRUE
131112,TRUE
149017,TRUE
311460,TRUE
1745854,TRUE
227476,TRUE
1121008,TRUE
1121009,TRUE
1872525,TRUE
47959,TRUE
313370,TRUE
409997,TRUE
651866,TRUE
2798580,TRUE
1586267,TRUE
529374,TRUE
1423722,TRUE
229919,TRUE
108028,TRUE
987,TRUE
224325,TRUE
33934,TRUE
872965,TRUE
229480,TRUE
136492,TRUE
33017,TRUE
1456,TRUE
1441386,TRUE
1121027,TRUE
1396,TRUE
188872,TRUE
640707,TRUE
1397,TRUE
95172,TRUE
39487,TRUE
1121012,TRUE
136274,TRUE
169960,TRUE
1455,TRUE
2058085,TRUE
170623,TRUE
2608255,TRUE
92442,TRUE
110479,TRUE
2847778,TRUE
293387,TRUE
228955,TRUE
53367,TRUE
692420,TRUE
71253,TRUE
1348627,TRUE
163874,TRUE
271434,TRUE
156980,TRUE
272161,TRUE
2202148,TRUE
1665,TRUE
279215,TRUE
1399,TRUE
1384639,TRUE
237373,TRUE
163875,TRUE
225844,TRUE
1394,TRUE
271432,TRUE
438753,TRUE
137265,TRUE
1452,TRUE
33931,TRUE
1077972,TRUE
86663,TRUE
1220587,TRUE
1314749,TRUE
315749,TRUE
728,TRUE
226900,TRUE
77523,TRUE
1404,TRUE
1479,TRUE
1423,TRUE
119858,TRUE
83428,TRUE
1402,TRUE
2026186,TRUE
1471,TRUE
1405,TRUE
64104,TRUE
2026190,TRUE
1220590,TRUE
1051501,TRUE
38072,TRUE
96241,TRUE
1467,TRUE
1408,TRUE
105229,TRUE
79884,TRUE
561879,TRUE
2078954,TRUE
2490859,TRUE
137993,TRUE
2078952,TRUE
2054641,TRUE
47735,TRUE
518,TRUE
1215031,TRUE
78345,TRUE
173363,TRUE
35841,TRUE
2770096,TRUE
520,TRUE
2306974,TRUE
208480,TRUE
52764,TRUE
111504,TRUE
1221996,TRUE
803,TRUE
56055,TRUE
999,TRUE
236402,TRUE
92181,TRUE
2316383,TRUE
128782,TRUE
774,TRUE
123899,TRUE
2052941,TRUE
219301,TRUE
382640,TRUE
51101,TRUE
2652445,TRUE
47845,TRUE
519,TRUE
270250,TRUE
2306972,TRUE
2306975,TRUE
124225,TRUE
35814,TRUE
2306973,TRUE
360411,TRUE
223788,TRUE
47847,TRUE
1550728,TRUE
1984871,TRUE
375,TRUE
2306976,TRUE
110578,TRUE
43992,TRUE
155194,TRUE
155322,TRUE
156892,TRUE
1685,TRUE
78346,TRUE
84757,TRUE
165694,TRUE
155192,TRUE
108015,TRUE
1548890,TRUE
33939,TRUE
291186,TRUE
1765219,TRUE
109472,TRUE
564287,TRUE
1216982,TRUE
215590,TRUE
278990,TRUE
768670,TRUE
1707527,TRUE
1125967,TRUE
53364,TRUE
33942,TRUE
301953,TRUE
94627,TRUE
83828,TRUE
447595,TRUE
671077,TRUE
1121256,TRUE
1703,TRUE
1263962,TRUE
2496837,TRUE
45462,TRUE
927786,TRUE
199591,TRUE
54911,TRUE
1393,TRUE
1304284,TRUE
1222016,TRUE
1247960,TRUE
251051,TRUE
933949,TRUE
391358,TRUE
301148,TRUE
1387557,TRUE
44256,TRUE
200415,TRUE
119072,TRUE
1507437,TRUE
2806205,TRUE
225845,TRUE
693075,TRUE
1644118,TRUE
1653476,TRUE
53363,TRUE
911092,TRUE
351627,TRUE
448141,TRUE
1674942,TRUE
293,TRUE
2741433,TRUE
260553,TRUE
200475,TRUE
173959,TRUE
444091,TRUE
1387555,TRUE
187145,TRUE
160792,TRUE
632518,TRUE
111519,TRUE
859243,TRUE
232444,TRUE
751586,TRUE
1246530,TRUE
413889,TRUE
170994,TRUE
1121917,TRUE
133453,TRUE
296745,TRUE
2699430,TRUE
1265502,TRUE
52023,TRUE
1007087,TRUE
699281,TRUE
937334,TRUE
1882945,TRUE
109807,TRUE
57174,TRUE
1170224,TRUE
373054,TRUE
353224,TRUE
632292,TRUE
650508,TRUE
2041189,TRUE
76887,TRUE
551788,TRUE
447594,TRUE
717609,TRUE
54910,TRUE
2703818,TRUE
521460,TRUE
1349751,TRUE
197,TRUE
121620,TRUE
28898,TRUE
54265,TRUE
206,TRUE
189866,TRUE
412901,TRUE
568790,TRUE
95159,TRUE
1031564,TRUE
91353,TRUE
391606,TRUE
32020,TRUE
196,TRUE
144055,TRUE
152526,TRUE
178899,TRUE
195,TRUE
129958,TRUE
1485585,TRUE
112729,TRUE
43670,TRUE
75697,TRUE
217041,TRUE
2751,TRUE
441616,TRUE
1323370,TRUE
307124,TRUE
1187080,TRUE
285110,TRUE
1305856,TRUE
391592,TRUE
1408545,TRUE
53342,TRUE
908809,TRUE
857293,TRUE
996765,TRUE
1147123,TRUE
661089,TRUE
29344,TRUE
300419,TRUE
204,TRUE
1852309,TRUE
1424653,TRUE
53366,TRUE
75658,TRUE
1408360,TRUE
2699427,TRUE
744873,TRUE
303118,TRUE
870242,TRUE
1871330,TRUE
194702,TRUE
311234,TRUE
76517,TRUE
129052,TRUE
32024,TRUE
116090,TRUE
32019,TRUE
1449341,TRUE
166485,TRUE
889247,TRUE
1711,TRUE
199,TRUE
266748,TRUE
219707,TRUE
363953,TRUE
480224,TRUE
2741498,TRUE
1108,TRUE
380174,TRUE
29343,TRUE
66219,TRUE
1304281,TRUE
104663,TRUE
1121274,TRUE
2486008,TRUE
1423770,TRUE
1506,TRUE
1097,TRUE
2769420,TRUE
29529,TRUE
454171,TRUE
295069,TRUE
2801451,TRUE
76594,TRUE
59600,TRUE
1004,TRUE
1710,TRUE
1121338,TRUE
84033,TRUE
2486005,TRUE
227865,TRUE
2486007,TRUE
1121281,TRUE
1602,TRUE
1813611,TRUE
768533,TRUE
28258,TRUE
141389,TRUE
152260,TRUE
266749,TRUE
1590652,TRUE
29346,TRUE
1335309,TRUE
1639133,TRUE
160396,TRUE
1881060,TRUE
1707952,TRUE
83526,TRUE
84032,TRUE
1423720,TRUE
444444,TRUE
76595,TRUE
253,TRUE
326427,TRUE
141390,TRUE
1683161,TRUE
112234,TRUE
1909267,TRUE
29349,TRUE
630405,TRUE
2801452,TRUE
1612,TRUE
1914243,TRUE
1121340,TRUE
458033,TRUE
1962263,TRUE
305793,TRUE
178337,TRUE
29372,TRUE
324602,TRUE
246603,TRUE
236814,TRUE
169134,TRUE
245294,TRUE
2486004,TRUE
460870,TRUE
204089,TRUE
2163172,TRUE
78329,TRUE
411316,TRUE
411317,TRUE
1716543,TRUE
485918,TRUE
1262449,TRUE
1874277,TRUE
469383,TRUE
238012,TRUE
43765,TRUE
309798,TRUE
194326,TRUE
169292,TRUE
53374,TRUE
1717,TRUE
71254,TRUE
649754,TRUE
1259795,TRUE
191610,TRUE
2486009,TRUE
1348662,TRUE
548476,TRUE
99807,TRUE
38284,TRUE
1121356,TRUE
44750,TRUE
161896,TRUE
35786,TRUE
1121354,TRUE
1697,TRUE
1121355,TRUE
1862358,TRUE
1285583,TRUE
1121357,TRUE
36808,TRUE
38289,TRUE
38290,TRUE
39791,TRUE
525263,TRUE
134034,TRUE
38288,TRUE
156976,TRUE
2079234,TRUE
61592,TRUE
38301,TRUE
43767,TRUE
57171,TRUE
37637,TRUE
525262,TRUE
1719,TRUE
29321,TRUE
1161097,TRUE
553207,TRUE
152794,TRUE
2080757,TRUE
131318,TRUE
108486,TRUE
187491,TRUE
1724,TRUE
161879,TRUE
35755,TRUE
1223512,TRUE
1718,TRUE
33010,TRUE
43770,TRUE
82633,TRUE
1485588,TRUE
89154,TRUE
38304,TRUE
43771,TRUE
1573172,TRUE
213806,TRUE
1437874,TRUE
146827,TRUE
62629,TRUE
1705,TRUE
119219,TRUE
130796,TRUE
319795,TRUE
1314753,TRUE
1035120,TRUE
159612,TRUE
65058,TRUE
43990,TRUE
2035,TRUE
150122,TRUE
136857,TRUE
43355,TRUE
500465,TRUE
161902,TRUE
313588,TRUE
1006576,TRUE
203264,TRUE
77585,TRUE
858619,TRUE
161899,TRUE
248026,TRUE
197162,TRUE
1408433,TRUE
1717726,TRUE
33011,TRUE
2782161,TRUE
1747,TRUE
53573,TRUE
2855394,TRUE
1450156,TRUE
439612,TRUE
68909,TRUE
151654,TRUE
1473580,TRUE
82541,TRUE
879970,TRUE
942865,TRUE
1725,TRUE
151783,TRUE
320787,TRUE
525268,TRUE
1765746,TRUE
1727,TRUE
68910,TRUE
1121391,TRUE
1914305,TRUE
2419843,TRUE
1915059,TRUE
240169,TRUE
41211,TRUE
36740,TRUE
80866,TRUE
206665,TRUE
449308,TRUE
58136,TRUE
1423719,TRUE
136399,TRUE
223556,TRUE
1565,TRUE
1121470,TRUE
675631,TRUE
182984,TRUE
1121385,TRUE
74701,TRUE
1849022,TRUE
1962857,TRUE
1216062,TRUE
79270,TRUE
37915,TRUE
58135,TRUE
1592317,TRUE
449311,TRUE
1121473,TRUE
412895,TRUE
1293588,TRUE
392844,TRUE
1121431,TRUE
1938353,TRUE
28205,TRUE
64160,TRUE
1562698,TRUE
328517,TRUE
1285191,TRUE
1511599,TRUE
79271,TRUE
94694,TRUE
196193,TRUE
449310,TRUE
1383067,TRUE
869805,TRUE
206249,TRUE
1833852,TRUE
2715679,TRUE
1566,TRUE
449312,TRUE
348842,TRUE
610254,TRUE
1236215,TRUE
1156395,TRUE
190967,TRUE
45663,TRUE
1121472,TRUE
1121432,TRUE
105483,TRUE
42471,TRUE
449309,TRUE
1765737,TRUE
74702,TRUE
564288,TRUE
1750598,TRUE
513050,TRUE
1121390,TRUE
39060,TRUE
33002,TRUE
1121422,TRUE
14,TRUE
768672,TRUE
2275,TRUE
2831190,TRUE
1349750,TRUE
243230,TRUE
742766,TRUE
84521,TRUE
1352,TRUE
1648,TRUE
2559926,TRUE
29394,TRUE
1121871,TRUE
172045,TRUE
1121485,TRUE
82347,TRUE
225971,TRUE
2185104,TRUE
137730,TRUE
1121861,TRUE
1218091,TRUE
2559927,TRUE
645616,TRUE
1453587,TRUE
209649,TRUE
478105,TRUE
238,TRUE
525280,TRUE
249189,TRUE
38282,TRUE
247,TRUE
888064,TRUE
539813,TRUE
1348429,TRUE
2559924,TRUE
33987,TRUE
232270,TRUE
196588,TRUE
2559929,TRUE
1408438,TRUE
214095,TRUE
39960,TRUE
71451,TRUE
1351,TRUE
1158612,TRUE
88132,TRUE
194963,TRUE
54261,TRUE
155617,TRUE
1123320,TRUE
106592,TRUE
2559925,TRUE
1158610,TRUE
307643,TRUE
1044,TRUE
178214,TRUE
38402,TRUE
158892,TRUE
246144,TRUE
2071710,TRUE
87650,TRUE
169177,TRUE
36856,TRUE
155618,TRUE
189863,TRUE
1448929,TRUE
1158603,TRUE
87458,TRUE
1397700,TRUE
41170,TRUE
1218093,TRUE
2005703,TRUE
82135,TRUE
255984,TRUE
110321,TRUE
1027360,TRUE
1031594,TRUE
79879,TRUE
2497875,TRUE
291985,TRUE
1121874,TRUE
57732,TRUE
655338,TRUE
1397699,TRUE
1158601,TRUE
160453,TRUE
120956,TRUE
1163730,TRUE
380,TRUE
546274,TRUE
382,TRUE
1008305,TRUE
93466,TRUE
1121882,TRUE
548918,TRUE
520764,TRUE
182136,TRUE
150172,TRUE
1891658,TRUE
159343,TRUE
1625,TRUE
150240,TRUE
94137,TRUE
180441,TRUE
169283,TRUE
546270,TRUE
1379,TRUE
1650663,TRUE
249351,TRUE
1614,TRUE
280093,TRUE
585528,TRUE
178355,TRUE
1462,TRUE
1121891,TRUE
2352,TRUE
2702,TRUE
249352,TRUE
2704140,TRUE
1076937,TRUE
178356,TRUE
1931992,TRUE
1646119,TRUE
986,TRUE
220714,TRUE
1414643,TRUE
1859475,TRUE
29391,TRUE
2354,TRUE
225985,TRUE
1852970,TRUE
99286,TRUE
1430331,TRUE
81950,TRUE
70993,TRUE
1089551,TRUE
69322,TRUE
229204,TRUE
860353,TRUE
157463,TRUE
37752,TRUE
1871331,TRUE
2423,TRUE
1223502,TRUE
1096341,TRUE
217511,TRUE
84136,TRUE
84135,TRUE
1002,TRUE
145483,TRUE
2424,TRUE
29528,TRUE
1859473,TRUE
235932,TRUE
1121883,TRUE
218205,TRUE
1220595,TRUE
2055,TRUE
113653,TRUE
1511749,TRUE
1422,TRUE
1117704,TRUE
112140,TRUE
504926,TRUE
36823,TRUE
36822,TRUE
33940,TRUE
565033,TRUE
2054,TRUE
162496,TRUE
574987,TRUE
33941,TRUE
525245,TRUE
1220583,TRUE
257438,TRUE
153151,TRUE
1220596,TRUE
89584,TRUE
135517,TRUE
129339,TRUE
83341,TRUE
66228,TRUE
33938,TRUE
84096,TRUE
1381941,TRUE
256702,TRUE
1223541,TRUE
1242744,TRUE
278196,TRUE
937593,TRUE
161153,TRUE
2037913,TRUE
1075090,TRUE
84595,TRUE
1411133,TRUE
256701,TRUE
142834,TRUE
1690415,TRUE
213224,TRUE
1307940,TRUE
1121925,TRUE
37930,TRUE
89053,TRUE
1121927,TRUE
154117,TRUE
738,TRUE
1027371,TRUE
1077975,TRUE
137732,TRUE
730,TRUE
215591,TRUE
1017351,TRUE
438595,TRUE
699433,TRUE
726,TRUE
1227455,TRUE
727,TRUE
46124,TRUE
2246,TRUE
1305624,TRUE
272239,TRUE
74386,TRUE
137733,TRUE
403181,TRUE
307521,TRUE
729,TRUE
42566,TRUE
258591,TRUE
80746,TRUE
256821,TRUE
396056,TRUE
186761,TRUE
706427,TRUE
694434,TRUE
156205,TRUE
1895664,TRUE
1820335,TRUE
178774,TRUE
1230453,TRUE
1121941,TRUE
74661,TRUE
2055893,TRUE
77097,TRUE
178340,TRUE
199441,TRUE
489912,TRUE
1121940,TRUE
245385,TRUE
626369,TRUE
192814,TRUE
1193105,TRUE
272240,TRUE
735,TRUE
1604004,TRUE
1035188,TRUE
1703337,TRUE
45668,TRUE
44933,TRUE
489913,TRUE
179637,TRUE
150024,TRUE
252,TRUE
44935,TRUE
223527,TRUE
123834,TRUE
470864,TRUE
311194,TRUE
77098,TRUE
1293048,TRUE
1279027,TRUE
1383816,TRUE
1172368,TRUE
72026,TRUE
157838,TRUE
1121947,TRUE
1236180,TRUE
213,TRUE
1484,TRUE
246264,TRUE
1333847,TRUE
115551,TRUE
29571,TRUE
731,TRUE
217,TRUE
863372,TRUE
1586233,TRUE
2871696,TRUE
48727,TRUE
32025,TRUE
29283,TRUE
42565,TRUE
29419,TRUE
3050380,TRUE
84405,TRUE
370323,TRUE
35701,TRUE
212,TRUE
53368,TRUE
944479,TRUE
1227482,TRUE
215,TRUE
229007,TRUE
34092,TRUE
2152829,TRUE
86177,TRUE
2614234,TRUE
616997,TRUE
85993,TRUE
1121088,TRUE
1121903,TRUE
37372,TRUE
940,TRUE
95149,TRUE
1416969,TRUE
92642,TRUE
297,TRUE
797114,TRUE
1052,TRUE
545536,TRUE
235279,TRUE
2547829,TRUE
1679721,TRUE
46224,TRUE
1042953,TRUE
115553,TRUE
1564487,TRUE
102619,TRUE
38875,TRUE
2740515,TRUE
119000,TRUE
430914,TRUE
345592,TRUE
210,TRUE
2692199,TRUE
223786,TRUE
35835,TRUE
639313,TRUE
257772,TRUE
1398,TRUE
76936,TRUE
552535,TRUE
35743,TRUE
521045,TRUE
119644,TRUE
2881279,TRUE
133270,TRUE
629741,TRUE
89093,TRUE
412687,TRUE
82805,TRUE
1004304,TRUE
160233,TRUE
2055160,TRUE
501340,TRUE
940294,TRUE
281473,TRUE
1627895,TRUE
71999,TRUE
591197,TRUE
1972863,TRUE
1122129,TRUE
1216968,TRUE
157227,TRUE
1053688,TRUE
84634,TRUE
84633,TRUE
60450,TRUE
1278232,TRUE
415426,TRUE
583356,TRUE
940295,TRUE
136273,TRUE
1894,TRUE
28448,TRUE
236068,TRUE
1349767,TRUE
190195,TRUE
110845,TRUE
72000,TRUE
262209,TRUE
256549,TRUE
1325125,TRUE
488547,TRUE
57909,TRUE
2485125,TRUE
330943,TRUE
88074,TRUE
1469948,TRUE
202750,TRUE
1380684,TRUE
188906,TRUE
33995,TRUE
2751313,TRUE
66229,TRUE
573,TRUE
688066,TRUE
157779,TRUE
1275,TRUE
2053011,TRUE
220754,TRUE
135826,TRUE
103817,TRUE
53458,TRUE
300179,TRUE
1330330,TRUE
1750597,TRUE
1380685,TRUE
1272,TRUE
142588,TRUE
206506,TRUE
86667,TRUE
236067,TRUE
1776856,TRUE
184882,TRUE
1122131,TRUE
262806,TRUE
261467,TRUE
1385520,TRUE
55508,TRUE
2749268,TRUE
1307938,TRUE
1274356,TRUE
1873421,TRUE
888741,TRUE
714067,TRUE
221725,TRUE
182640,TRUE
378753,TRUE
1053551,TRUE
1596,TRUE
147802,TRUE
1597,TRUE
37482,TRUE
110101,TRUE
109790,TRUE
1587,TRUE
1580,TRUE
47770,TRUE
574699,TRUE
2485998,TRUE
381742,TRUE
381741,TRUE
29397,TRUE
89059,TRUE
113557,TRUE
1590,TRUE
1579,TRUE
138300,TRUE
478801,TRUE
2024736,TRUE
151781,TRUE
573074,TRUE
1601,TRUE
392416,TRUE
2559914,TRUE
1585,TRUE
1582,TRUE
253257,TRUE
1613,TRUE
337330,TRUE
1604,TRUE
88233,TRUE
33943,TRUE
1622,TRUE
1903258,TRUE
271881,TRUE
357278,TRUE
1644115,TRUE
60520,TRUE
2493111,TRUE
176292,TRUE
190906,TRUE
88164,TRUE
83683,TRUE
200379,TRUE
1255629,TRUE
284578,TRUE
2487723,TRUE
1623,TRUE
1359,TRUE
152331,TRUE
68170,TRUE
1246,TRUE
168471,TRUE
1528099,TRUE
1245,TRUE
1598,TRUE
1252,TRUE
2568007,TRUE
33964,TRUE
1581,TRUE
47715,TRUE
272210,TRUE
451457,TRUE
1358,TRUE
1423739,TRUE
110933,TRUE
481722,TRUE
1936991,TRUE
116089,TRUE
65499,TRUE
295065,TRUE
214325,TRUE
40571,TRUE
2487722,TRUE
55969,TRUE
481720,TRUE
1599,TRUE
1588,TRUE
191389,TRUE
1348624,TRUE
283878,TRUE
214326,TRUE
1983706,TRUE
1907578,TRUE
229920,TRUE
446820,TRUE
1244,TRUE
152332,TRUE
1940789,TRUE
103732,TRUE
1890280,TRUE
150026,TRUE
31966,TRUE
150025,TRUE
267990,TRUE
33962,TRUE
60519,TRUE
283877,TRUE
175306,TRUE
178001,TRUE
164393,TRUE
340320,TRUE
481719,TRUE
390842,TRUE
481723,TRUE
51664,TRUE
1293599,TRUE
1365,TRUE
28038,TRUE
1639,TRUE
33968,TRUE
202752,TRUE
229921,TRUE
1704076,TRUE
380393,TRUE
303240,TRUE
1607,TRUE
1122184,TRUE
1642,TRUE
1324935,TRUE
287097,TRUE
147809,TRUE
1423716,TRUE
1220589,TRUE
267633,TRUE
1643,TRUE
882095,TRUE
181675,TRUE
1610,TRUE
431273,TRUE
1173111,TRUE
1421,TRUE
267363,TRUE
216463,TRUE
227942,TRUE
88874,TRUE
399370,TRUE
1807135,TRUE
1638,TRUE
309788,TRUE
2828727,TRUE
148604,TRUE
303241,TRUE
1204385,TRUE
28031,TRUE
115542,TRUE
396716,TRUE
174038,TRUE
33984,TRUE
33966,TRUE
1632,TRUE
1555112,TRUE
2562452,TRUE
1641,TRUE
267364,TRUE
488549,TRUE
417373,TRUE
1354027,TRUE
1640,TRUE
33965,TRUE
1267217,TRUE
262076,TRUE
149715,TRUE
69969,TRUE
39844,TRUE
65552,TRUE
381,TRUE
135739,TRUE
1673631,TRUE
643747,TRUE
69974,TRUE
252966,TRUE
106262,TRUE
1006,TRUE
75985,TRUE
129985,TRUE
86796,TRUE
1134405,TRUE
71237,TRUE
1122214,TRUE
2086470,TRUE
52022,TRUE
69968,TRUE
1150474,TRUE
262077,TRUE
150056,TRUE
1122195,TRUE
228957,TRUE
172827,TRUE
228959,TRUE
213248,TRUE
990712,TRUE
863370,TRUE
1862713,TRUE
85403,TRUE
1168289,TRUE
604331,TRUE
71433,TRUE
277,TRUE
191770,TRUE
198483,TRUE
28104,TRUE
884155,TRUE
1679163,TRUE
604332,TRUE
1917180,TRUE
2201189,TRUE
2026184,TRUE
69967,TRUE
2696285,TRUE
2806023,TRUE
1033846,TRUE
570855,TRUE
1122199,TRUE
910412,TRUE
228956,TRUE
1324956,TRUE
1242148,TRUE
883126,TRUE
198482,TRUE
126843,TRUE
389480,TRUE
198484,TRUE
186192,TRUE
228958,TRUE
2809031,TRUE
1236220,TRUE
643867,TRUE
1964194,TRUE
279826,TRUE
1163748,TRUE
49340,TRUE
213231,TRUE
2200,TRUE
1715806,TRUE
145263,TRUE
1927129,TRUE
1458122,TRUE
1122233,TRUE
399549,TRUE
1175445,TRUE
1884223,TRUE
2014805,TRUE
69365,TRUE
2320,TRUE
162393,TRUE
2213,TRUE
145262,TRUE
2190,TRUE
2210,TRUE
1006005,TRUE
462710,TRUE
1045764,TRUE
36806,TRUE
2189,TRUE
33883,TRUE
2186,TRUE
36805,TRUE
286152,TRUE
99938,TRUE
57043,TRUE
1520800,TRUE
83982,TRUE
2082189,TRUE
523846,TRUE
394967,TRUE
43687,TRUE
674972,TRUE
2180,TRUE
155863,TRUE
882090,TRUE
49341,TRUE
83171,TRUE
1301915,TRUE
49339,TRUE
680118,TRUE
73913,TRUE
667126,TRUE
2164,TRUE
2546128,TRUE
47304,TRUE
39669,TRUE
246786,TRUE
1236046,TRUE
79601,TRUE
153731,TRUE
438856,TRUE
2224,TRUE
317575,TRUE
2322,TRUE
2614238,TRUE
67760,TRUE
697197,TRUE
2181,TRUE
145261,TRUE
1175444,TRUE
213185,TRUE
246613,TRUE
33884,TRUE
69362,TRUE
33918,TRUE
398050,TRUE
1525,TRUE
1852,TRUE
33885,TRUE
1270,TRUE
230091,TRUE
124798,TRUE
82380,TRUE
1908308,TRUE
1716077,TRUE
69369,TRUE
147065,TRUE
69366,TRUE
261654,TRUE
262898,TRUE
355930,TRUE
104336,TRUE
69368,TRUE
199592,TRUE
676965,TRUE
2052,TRUE
67574,TRUE
1223527,TRUE
69363,TRUE
887899,TRUE
3062783,TRUE
886377,TRUE
55779,TRUE
202604,TRUE
1348634,TRUE
323761,TRUE
1122237,TRUE
69367,TRUE
69370,TRUE
284570,TRUE
121616,TRUE
264732,TRUE
1266720,TRUE
1336243,TRUE
179095,TRUE
88568,TRUE
2972948,TRUE
36807,TRUE
252514,TRUE
29405,TRUE
585198,TRUE
3051332,TRUE
254955,TRUE
254954,TRUE
279828,TRUE
1812349,TRUE
337005,TRUE
1223528,TRUE
2005073,TRUE
1475481,TRUE
81499,TRUE
99117,TRUE
2033,TRUE
1236609,TRUE
1401690,TRUE
2341086,TRUE
39687,TRUE
110505,TRUE
1790,TRUE
319707,TRUE
28045,TRUE
1794,TRUE
146017,TRUE
1791,TRUE
1801,TRUE
222805,TRUE
75920,TRUE
1770,TRUE
1780,TRUE
146020,TRUE
1793,TRUE
36814,TRUE
1804,TRUE
182220,TRUE
83262,TRUE
1792,TRUE
84962,TRUE
110539,TRUE
1265312,TRUE
44454,TRUE
44010,TRUE
187102,TRUE
2038731,TRUE
1091046,TRUE
39694,TRUE
1209984,TRUE
292462,TRUE
1799,TRUE
146021,TRUE
1766,TRUE
39688,TRUE
258505,TRUE
28047,TRUE
141349,TRUE
1781,TRUE
2212479,TRUE
228230,TRUE
242737,TRUE
1226752,TRUE
37916,TRUE
1460372,TRUE
319709,TRUE
56689,TRUE
126673,TRUE
1226753,TRUE
1800,TRUE
39693,TRUE
1776,TRUE
146018,TRUE
2480908,TRUE
144550,TRUE
1777,TRUE
1782,TRUE
216929,TRUE
2341083,TRUE
169765,TRUE
39692,TRUE
49897,TRUE
39691,TRUE
525368,TRUE
1768,TRUE
53376,TRUE
1775,TRUE
190147,TRUE
1764,TRUE
29314,TRUE
1566886,TRUE
319706,TRUE
59813,TRUE
1807,TRUE
43304,TRUE
1778,TRUE
144549,TRUE
759412,TRUE
1810,TRUE
85688,TRUE
1784,TRUE
1227500,TRUE
929101,TRUE
1787,TRUE
76832,TRUE
220687,TRUE
220927,TRUE
53428,TRUE
326522,TRUE
28091,TRUE
1186196,TRUE
256,TRUE
683405,TRUE
220685,TRUE
375929,TRUE
225051,TRUE
1210070,TRUE
1348630,TRUE
2586965,TRUE
2576308,TRUE
59750,TRUE
1807133,TRUE
228600,TRUE
75922,TRUE
1788,TRUE
1206721,TRUE
37328,TRUE
2044521,TRUE
272919,TRUE
1223549,TRUE
95162,TRUE
2742683,TRUE
98668,TRUE
1783,TRUE
115979,TRUE
399,TRUE
1314752,TRUE
486,TRUE
497727,TRUE
1341646,TRUE
47839,TRUE
1789,TRUE
2259171,TRUE
53461,TRUE
150832,TRUE
33053,TRUE
53429,TRUE
28449,TRUE
300029,TRUE
561067,TRUE
220686,TRUE
39695,TRUE
2714855,TRUE
326523,TRUE
1824,TRUE
1917451,TRUE
2962693,TRUE
63128,TRUE
1314754,TRUE
745377,TRUE
282199,TRUE
1210071,TRUE
2706014,TRUE
485,TRUE
759415,TRUE
123783,TRUE
498371,TRUE
1807134,TRUE
1210067,TRUE
128945,TRUE
37327,TRUE
67774,TRUE
1210072,TRUE
263910,TRUE
348826,TRUE
646273,TRUE
269259,TRUE
1206723,TRUE
1820002,TRUE
37326,TRUE
1206736,TRUE
228599,TRUE
37332,TRUE
1246485,TRUE
1210080,TRUE
2800121,TRUE
1206735,TRUE
1769161,TRUE
45979,TRUE
2800120,TRUE
1325931,TRUE
253703,TRUE
67263,TRUE
109330,TRUE
1189325,TRUE
37330,TRUE
208602,TRUE
1936118,TRUE
109329,TRUE
694055,TRUE
1712872,TRUE
109465,TRUE
1206739,TRUE
43678,TRUE
141693,TRUE
228601,TRUE
391626,TRUE
1909734,TRUE
209247,TRUE
1246444,TRUE
220378,TRUE
1247,TRUE
941184,TRUE
179819,TRUE
209249,TRUE
867902,TRUE
273676,TRUE
1522140,TRUE
160826,TRUE
37333,TRUE
280618,TRUE
209246,TRUE
53430,TRUE
151,TRUE
46240,TRUE
227924,TRUE
515440,TRUE
1823,TRUE
248552,TRUE
252230,TRUE
60489,TRUE
96468,TRUE
1210098,TRUE
257275,TRUE
203799,TRUE
2742145,TRUE
211146,TRUE
228596,TRUE
2479765,TRUE
53432,TRUE
146802,TRUE
182710,TRUE
171401,TRUE
59839,TRUE
171693,TRUE
132249,TRUE
281714,TRUE
1820010,TRUE
43664,TRUE
1623396,TRUE
162170,TRUE
82346,TRUE
1210089,TRUE
1255632,TRUE
171404,TRUE
43665,TRUE
290586,TRUE
1045004,TRUE
1210096,TRUE
1210073,TRUE
187137,TRUE
2014,TRUE
124285,TRUE
1220566,TRUE
78058,TRUE
44251,TRUE
279208,TRUE
135193,TRUE
1220558,TRUE
268407,TRUE
200132,TRUE
225915,TRUE
1349777,TRUE
2013866,TRUE
257454,TRUE
103815,TRUE
93222,TRUE
1406,TRUE
1426,TRUE
43666,TRUE
237530,TRUE
200904,TRUE
172713,TRUE
1917181,TRUE
1820333,TRUE
207243,TRUE
130049,TRUE
754,TRUE
1122929,TRUE
1477,TRUE
78057,TRUE
83868,TRUE
189426,TRUE
1658519,TRUE
58172,TRUE
1945662,TRUE
883812,TRUE
159743,TRUE
77675,TRUE
49283,TRUE
1464,TRUE
221028,TRUE
747,TRUE
44252,TRUE
2048549,TRUE
44253,TRUE
212659,TRUE
208216,TRUE
1349779,TRUE
186116,TRUE
2020716,TRUE
61623,TRUE
198119,TRUE
1087481,TRUE
1220594,TRUE
1632018,TRUE
189425,TRUE
1468,TRUE
1220565,TRUE
114136,TRUE
1122925,TRUE
717606,TRUE
254788,TRUE
116718,TRUE
79264,TRUE
2010915,TRUE
2491866,TRUE
157839,TRUE
81857,TRUE
176291,TRUE
1701573,TRUE
59846,TRUE
2291846,TRUE
2006130,TRUE
971279,TRUE
117184,TRUE
254787,TRUE
1215385,TRUE
2489002,TRUE
169760,TRUE
81408,TRUE
1349794,TRUE
61624,TRUE
266,TRUE
1856807,TRUE
195749,TRUE
1255,TRUE
46632,TRUE
1478,TRUE
1855371,TRUE
110500,TRUE
78327,TRUE
1792311,TRUE
2170575,TRUE
112331,TRUE
161360,TRUE
54062,TRUE
1125966,TRUE
2602750,TRUE
221799,TRUE
228899,TRUE
173053,TRUE
198703,TRUE
71171,TRUE
200991,TRUE
29443,TRUE
936138,TRUE
1478153,TRUE
1122954,TRUE
1423144,TRUE
1676,TRUE
288,TRUE
208199,TRUE
1122956,TRUE
287,TRUE
69499,TRUE
386305,TRUE
201973,TRUE
1016997,TRUE
1434326,TRUE
2508867,TRUE
1521328,TRUE
146806,TRUE
98671,TRUE
301,TRUE
2699429,TRUE
163879,TRUE
309805,TRUE
1642646,TRUE
114090,TRUE
272241,TRUE
1703256,TRUE
571899,TRUE
28101,TRUE
151784,TRUE
1108801,TRUE
414049,TRUE
301141,TRUE
156979,TRUE
1977320,TRUE
192421,TRUE
246602,TRUE
244,TRUE
161361,TRUE
185641,TRUE
76760,TRUE
156203,TRUE
337094,TRUE
29435,TRUE
1846260,TRUE
85085,TRUE
1149133,TRUE
150123,TRUE
201975,TRUE
1174504,TRUE
47885,TRUE
1671,TRUE
71546,TRUE
60454,TRUE
1888912,TRUE
129847,TRUE
101689,TRUE
294,TRUE
29438,TRUE
296,TRUE
195748,TRUE
333,TRUE
1123015,TRUE
126157,TRUE
158890,TRUE
121277,TRUE
316,TRUE
1123021,TRUE
35616,TRUE
1806371,TRUE
1123025,TRUE
1273541,TRUE
1123383,TRUE
1848,TRUE
3141764,TRUE
57029,TRUE
874266,TRUE
53972,TRUE
197461,TRUE
75291,TRUE
153494,TRUE
1104324,TRUE
57487,TRUE
454194,TRUE
1123027,TRUE
384,TRUE
1715347,TRUE
76761,TRUE
1577474,TRUE
190721,TRUE
384616,TRUE
176598,TRUE
305977,TRUE
13773,TRUE
410359,TRUE
1867956,TRUE
33907,TRUE
119394,TRUE
29292,TRUE
1218114,TRUE
1341696,TRUE
39100,TRUE
1673,TRUE
2016530,TRUE
1236962,TRUE
33866,TRUE
2004705,TRUE
33887,TRUE
698757,TRUE
126156,TRUE
1609559,TRUE
1008460,TRUE
177758,TRUE
53953,TRUE
3060460,TRUE
54010,TRUE
156994,TRUE
1328866,TRUE
37331,TRUE
2309,TRUE
191292,TRUE
145458,TRUE
102227,TRUE
742450,TRUE
61013,TRUE
54011,TRUE
158891,TRUE
29449,TRUE
2488563,TRUE
2278,TRUE
153376,TRUE
54252,TRUE
2262,TRUE
1750,TRUE
2261,TRUE
57676,TRUE
70771,TRUE
52131,TRUE
391605,TRUE
396,TRUE
75289,TRUE
398,TRUE
1219010,TRUE
74031,TRUE
38312,TRUE
1833,TRUE
1295135,TRUE
37919,TRUE
1499,TRUE
29549,TRUE
101070,TRUE
1392640,TRUE
76305,TRUE
1325932,TRUE
2287,TRUE
1658620,TRUE
1829,TRUE
40990,TRUE
33008,TRUE
300028,TRUE
311410,TRUE
1349768,TRUE
43675,TRUE
189381,TRUE
1219027,TRUE
120962,TRUE
1336208,TRUE
77777,TRUE
439029,TRUE
1219023,TRUE
1828,TRUE
172042,TRUE
1219030,TRUE
2509153,TRUE
2286,TRUE
185139,TRUE
191497,TRUE
40988,TRUE
1981892,TRUE
1123072,TRUE
81569,TRUE
1933902,TRUE
1521,TRUE
633813,TRUE
85336,TRUE
1888910,TRUE
2697034,TRUE
44752,TRUE
183556,TRUE
93684,TRUE
218284,TRUE
169480,TRUE
1830,TRUE
1123069,TRUE
1303689,TRUE
1392641,TRUE
29396,TRUE
1715692,TRUE
2060666,TRUE
2893045,TRUE
1812262,TRUE
644107,TRUE
982,TRUE
193384,TRUE
150831,TRUE
159346,TRUE
198092,TRUE
194249,TRUE
758,TRUE
76731,TRUE
2591385,TRUE
1448136,TRUE
189382,TRUE
1702097,TRUE
42256,TRUE
49319,TRUE
1283279,TRUE
1660,TRUE
28042,TRUE
89367,TRUE
60921,TRUE
882084,TRUE
1949083,TRUE
1123251,TRUE
241145,TRUE
1838,TRUE
351205,TRUE
1123231,TRUE
1826607,TRUE
1653434,TRUE
1245522,TRUE
181487,TRUE
60920,TRUE
131111,TRUE
286802,TRUE
184065,TRUE
45670,TRUE
39122,TRUE
2703794,TRUE
33915,TRUE
290588,TRUE
79880,TRUE
240427,TRUE
24,TRUE
286804,TRUE
287099,TRUE
254759,TRUE
33960,TRUE
404433,TRUE
1120947,TRUE
228576,TRUE
129922,TRUE
205941,TRUE
1737515,TRUE
884107,TRUE
1816181,TRUE
157225,TRUE
76935,TRUE
132933,TRUE
215580,TRUE
995,TRUE
1123237,TRUE
29316,TRUE
1960294,TRUE
1245523,TRUE
131110,TRUE
1120946,TRUE
1469162,TRUE
76853,TRUE
166793,TRUE
430457,TRUE
459885,TRUE
418750,TRUE
38313,TRUE
52773,TRUE
2703793,TRUE
1949085,TRUE
62322,TRUE
146919,TRUE
2057,TRUE
1208342,TRUE
1281,TRUE
28454,TRUE
269672,TRUE
52001,TRUE
341027,TRUE
665571,TRUE
1280,TRUE
33050,TRUE
1311,TRUE
33052,TRUE
72758,TRUE
1285,TRUE
1326,TRUE
29385,TRUE
259,TRUE
768534,TRUE
29383,TRUE
114975,TRUE
869211,TRUE
269670,TRUE
33027,TRUE
1296,TRUE
1282,TRUE
525373,TRUE
29378,TRUE
399550,TRUE
224030,TRUE
1123264,TRUE
33018,TRUE
201829,TRUE
1294,TRUE
70255,TRUE
2249466,TRUE
94138,TRUE
214473,TRUE
71235,TRUE
13689,TRUE
155085,TRUE
1292,TRUE
84599,TRUE
1444306,TRUE
2044912,TRUE
145393,TRUE
2490858,TRUE
1859103,TRUE
246432,TRUE
29382,TRUE
1105256,TRUE
342451,TRUE
46126,TRUE
2280,TRUE
1293,TRUE
1591408,TRUE
29384,TRUE
1283,TRUE
1123285,TRUE
201828,TRUE
1154862,TRUE
1288,TRUE
888745,TRUE
176279,TRUE
1888195,TRUE
1328,TRUE
1334,TRUE
1329,TRUE
29389,TRUE
119602,TRUE
40041,TRUE
1313,TRUE
1095731,TRUE
1336,TRUE
315405,TRUE
525379,TRUE
1303,TRUE
1346,TRUE
1302,TRUE
1123300,TRUE
149015,TRUE
82348,TRUE
197614,TRUE
165758,TRUE
1123307,TRUE
28037,TRUE
76860,TRUE
1338,TRUE
1123302,TRUE
888833,TRUE
119224,TRUE
1337,TRUE
1348,TRUE
1123299,TRUE
1123306,TRUE
254785,TRUE
1123312,TRUE
1123301,TRUE
229549,TRUE
45634,TRUE
888746,TRUE
1309,TRUE
889204,TRUE
1891914,TRUE
246201,TRUE
1340,TRUE
1305,TRUE
1314,TRUE
2021971,TRUE
249567,TRUE
68180,TRUE
257758,TRUE
1307,TRUE
1911,TRUE
1912,TRUE
1054862,TRUE
51201,TRUE
66423,TRUE
888807,TRUE
1304,TRUE
35619,TRUE
1257027,TRUE
1308,TRUE
66424,TRUE
67273,TRUE
146819,TRUE
1236314,TRUE
1123318,TRUE
1303692,TRUE
1854571,TRUE
66893,TRUE
53446,TRUE
1349,TRUE
476551,TRUE
1343,TRUE
68228,TRUE
193461,TRUE
333384,TRUE
44032,TRUE
1889,TRUE
104205,TRUE
249581,TRUE
67332,TRUE
149016,TRUE
163361,TRUE
66894,TRUE
284044,TRUE
285529,TRUE
66869,TRUE
173858,TRUE
1807875,TRUE
67266,TRUE
1905,TRUE
1716141,TRUE
44060,TRUE
202862,TRUE
285578,TRUE
90079,TRUE
67267,TRUE
229486,TRUE
183763,TRUE
68042,TRUE
1887,TRUE
29303,TRUE
227882,TRUE
55404,TRUE
1970,TRUE
1934,TRUE
173861,TRUE
2171585,TRUE
557451,TRUE
59298,TRUE
1128682,TRUE
44061,TRUE
146820,TRUE
66859,TRUE
1469144,TRUE
1930,TRUE
985760,TRUE
1314751,TRUE
460873,TRUE
173862,TRUE
679936,TRUE
1294262,TRUE
1931,TRUE
364032,TRUE
65605,TRUE
1701085,TRUE
193462,TRUE
1124239,TRUE
53426,TRUE
146821,TRUE
161482,TRUE
59299,TRUE
73044,TRUE
1695161,TRUE
28034,TRUE
1914471,TRUE
471799,TRUE
249580,TRUE
2285,TRUE
226217,TRUE
304736,TRUE
188789,TRUE
66860,TRUE
82638,TRUE
1417980,TRUE
2729629,TRUE
156453,TRUE
44033,TRUE
3030992,TRUE
380763,TRUE
111955,TRUE
193460,TRUE
1972068,TRUE
1028566,TRUE
47303,TRUE
309806,TRUE
1076414,TRUE
75292,TRUE
1670455,TRUE
171121,TRUE
2049879,TRUE
85558,TRUE
1313299,TRUE
66431,TRUE
69656,TRUE
79882,TRUE
1952,TRUE
224436,TRUE
60443,TRUE
2024,TRUE
437529,TRUE
2590900,TRUE
1123367,TRUE
247482,TRUE
1123350,TRUE
104270,TRUE
869279,TRUE
108007,TRUE
2026,TRUE
288769,TRUE
1806172,TRUE
198093,TRUE
876478,TRUE
161154,TRUE
2164149,TRUE
84590,TRUE
104269,TRUE
2025,TRUE
747076,TRUE
159723,TRUE
1281767,TRUE
2184083,TRUE
73919,TRUE
317015,TRUE
557450,TRUE
292459,TRUE
2184419,TRUE
909926,TRUE
2173829,TRUE
278994,TRUE
104268,TRUE
1294259,TRUE
1123349,TRUE
224999,TRUE
2002775,TRUE
86170,TRUE
107401,TRUE
203471,TRUE
76113,TRUE
361277,TRUE
1123358,TRUE
1101373,TRUE
114249,TRUE
64642,TRUE
1712410,TRUE
1546155,TRUE
1937527,TRUE
34071,TRUE
53356,TRUE
290335,TRUE
285106,TRUE
1089548,TRUE
929,TRUE
2108365,TRUE
281456,TRUE
3380829,TRUE
1470181,TRUE
175696,TRUE
860788,TRUE
360241,TRUE
53501,TRUE
2756294,TRUE
2698687,TRUE
1089553,TRUE
96773,TRUE
335431,TRUE
1226730,TRUE
1123359,TRUE
525903,TRUE
696763,TRUE
29324,TRUE
108150,TRUE
40549,TRUE
29350,TRUE
47490,TRUE
29325,TRUE
291615,TRUE
57481,TRUE
1516,TRUE
1755,TRUE
2021,TRUE
28896,TRUE
340099,TRUE
62609,TRUE
1393035,TRUE
694059,TRUE
242698,TRUE
447593,TRUE
53422,TRUE
2006,TRUE
74714,TRUE
144786,TRUE
29323,TRUE
1757,TRUE
2325,TRUE
208304,TRUE
33950,TRUE
35699,TRUE
604099,TRUE
187311,TRUE
1517,TRUE
1050,TRUE
377615,TRUE
1312852,TRUE
46354,TRUE
1702242,TRUE
867682,TRUE
106578,TRUE
715028,TRUE
29329,TRUE
120958,TRUE
1293040,TRUE
411318,TRUE
2966552,TRUE
1073253,TRUE
1223522,TRUE
381751,TRUE
160385,TRUE
2264,TRUE
523849,TRUE
46223,TRUE
53952,TRUE
110163,TRUE
1121300,TRUE
184064,TRUE
1121335,TRUE
582419,TRUE
1291049,TRUE
71998,TRUE
187879,TRUE
46540,TRUE
172049,TRUE
2045280,TRUE
289377,TRUE
139207,TRUE
477696,TRUE
227597,TRUE
35749,TRUE
1495650,TRUE
155321,TRUE
277988,TRUE
187880,TRUE
2689387,TRUE
1382306,TRUE
195522,TRUE
340095,TRUE
75906,TRUE
28262,TRUE
187878,TRUE
227598,TRUE
1794699,TRUE
55802,TRUE
1505907,TRUE
732235,TRUE
1393122,TRUE
1331910,TRUE
54077,TRUE
163003,TRUE
2265,TRUE
342948,TRUE
71997,TRUE
71280,TRUE
1200300,TRUE
1123373,TRUE
399579,TRUE
2586643,TRUE
29351,TRUE
1550241,TRUE
84597,TRUE
54250,TRUE
3118333,TRUE
1965289,TRUE
90909,TRUE
311400,TRUE
2269,TRUE
1795632,TRUE
732234,TRUE
161156,TRUE
1302351,TRUE
39841,TRUE
932678,TRUE
1894989,TRUE
54262,TRUE
1128108,TRUE
1968839,TRUE
667014,TRUE
454188,TRUE
86166,TRUE
49899,TRUE
1123372,TRUE
638303,TRUE
72803,TRUE
380392,TRUE
412896,TRUE
1295125,TRUE
54255,TRUE
1111737,TRUE
1111738,TRUE
1123376,TRUE
1331911,TRUE
37926,TRUE
2045279,TRUE
1365176,TRUE
110164,TRUE
2137476,TRUE
1123371,TRUE
1123375,TRUE
54076,TRUE
49900,TRUE
412593,TRUE
644383,TRUE
54294,TRUE
99594,TRUE
103836,TRUE
937254,TRUE
1411117,TRUE
768679,TRUE
243274,TRUE
90323,TRUE
575256,TRUE
3069695,TRUE
2268139,TRUE
1411118,TRUE
1070889,TRUE
1490296,TRUE
1968895,TRUE
2303,TRUE
385682,TRUE
380685,TRUE
999894,TRUE
2020,TRUE
981385,TRUE
575186,TRUE
2828656,TRUE
93929,TRUE
1401547,TRUE
35622,TRUE
28195,TRUE
46541,TRUE
213588,TRUE
873078,TRUE
50339,TRUE
1382356,TRUE
28240,TRUE
261685,TRUE
500,TRUE
1936021,TRUE
2421,TRUE
1742923,TRUE
1123379,TRUE
760262,TRUE
335383,TRUE
867916,TRUE
117504,TRUE
633148,TRUE
1462921,TRUE
1123380,TRUE
55505,TRUE
2562988,TRUE
2047767,TRUE
184117,TRUE
117503,TRUE
309803,TRUE
2337,TRUE
555079,TRUE
1167092,TRUE
1508419,TRUE
660294,TRUE
2493090,TRUE
1313301,TRUE
1508420,TRUE
520767,TRUE
416555,TRUE
2790348,TRUE
520762,TRUE
1445971,TRUE
1930763,TRUE
88189,TRUE
532059,TRUE
171869,TRUE
271,TRUE
482827,TRUE
275,TRUE
240167,TRUE
274,TRUE
540988,TRUE
171864,TRUE
1330700,TRUE
1449080,TRUE
313007,TRUE
1214928,TRUE
37636,TRUE
57704,TRUE
361280,TRUE
1123394,TRUE
42777,TRUE
571898,TRUE
276,TRUE
1943576,TRUE
56957,TRUE
2047785,TRUE
153832,TRUE
367742,TRUE
1321609,TRUE
218144,TRUE
56956,TRUE
1869227,TRUE
88190,TRUE
166,TRUE
1661,TRUE
336261,TRUE
496831,TRUE
1977869,TRUE
2078690,TRUE
147577,TRUE
279810,TRUE
120370,TRUE
43064,TRUE
926,TRUE
47312,TRUE
228745,TRUE
1321610,TRUE
1123405,TRUE
1977868,TRUE
1763883,TRUE
44753,TRUE
332249,TRUE
118246,TRUE
227084,TRUE
1761908,TRUE
1917811,TRUE
59561,TRUE
171692,TRUE
302167,TRUE
407998,TRUE
51173,TRUE
367743,TRUE
545537,TRUE
1679495,TRUE
1293589,TRUE
2061,TRUE
292806,TRUE
2024554,TRUE
3119912,TRUE
1473,TRUE
337097,TRUE
164451,TRUE
679900,TRUE
1583,TRUE
1249,TRUE
1295370,TRUE
137591,TRUE
165096,TRUE
248906,TRUE
101059,TRUE
1629,TRUE
33007,TRUE
263476,TRUE
1572762,TRUE
1273429,TRUE
2528593,TRUE
1615,TRUE
120045,TRUE
63186,TRUE
2036821,TRUE
46256,TRUE
84407,TRUE
65505,TRUE
340172,TRUE
393090,TRUE
175570,TRUE
1293044,TRUE
61016,TRUE
164452,TRUE
89061,TRUE
143224,TRUE
280,TRUE
1219362,TRUE
1676614,TRUE
867917,TRUE
206045,TRUE
1295123,TRUE
1616,TRUE
110,TRUE
1293043,TRUE
1973259,TRUE
287098,TRUE
2483812,TRUE
72806,TRUE
281,TRUE
3119913,TRUE
106590,TRUE
1295371,TRUE
248907,TRUE
1620,TRUE
186280,TRUE
29318,TRUE
1295124,TRUE
248905,TRUE
1295372,TRUE
1169913,TRUE
480284,TRUE
263475,TRUE
325472,TRUE
163877,TRUE
186189,TRUE
79660,TRUE
