homolog_id,num_residues,num_atoms,radius_of_gyration_nm,rg_per_residue,total_sasa_nm2,avg_sasa_per_residue_nm2,hydrophobic_sasa_nm2,charged_sasa_nm2,polar_sasa_nm2,positive_surface_area_nm2,negative_surface_area_nm2,hydrophobic_surface_fraction,charged_surface_fraction,polar_surface_fraction,mean_kd_hydrophobicity_surface,num_hbonds_baker,hbonds_per_residue,total_ks_hbond_energy,ks_hbond_energy_per_residue,alpha_helix_frac,beta_bridge_frac,extended_strand_frac,helix_3_10_frac,pi_helix_frac,turn_frac,bend_frac,loop_irregular_frac,ss_entropy,alpha_helix_sasa_nm2,beta_bridge_sasa_nm2,extended_strand_sasa_nm2,helix_3_10_sasa_nm2,pi_helix_sasa_nm2,turn_sasa_nm2,bend_sasa_nm2,loop_irregular_sasa_nm2,fold_quality,num_disulfide_bonds,disulfides_per_residue,disulfides_per_100_residues,num_salt_bridges,salt_bridges_per_residue,largest_ionic_cluster_size,num_hydrophobic_contacts,hydrophobic_contacts_per_residue,core_hydrophobic_contacts,core_hydrophobic_contact_fraction,num_pi_pi_stacking,pi_pi_stacking_per_residue,ca_clashes,clash_energy,packing_density,contacts_per_residue,asphericity,acylindricity
ABN64930,336,2630,1.9957101089177371,0.005939613419398027,153.14132690429688,0.45577776432037354,38.770751953125,81.64141082763672,28.881855010986328,42.828102111816406,38.81330871582031,0.2531697533047636,0.5331115543922195,0.1885960869924783,-1.037890625,0,0.0,-436.0332336425781,-1.2977179572695778,0.37797619047619047,0.0,0.16071428571428573,0.08035714285714286,0.01488095238095238,0.08928571428571429,0.06547619047619048,0.2113095238095238,0.020833333333333332,49.19361114501953,0.0,8.702156066894531,15.715959548950195,2.1818277835845947,21.746234893798828,14.812994956970215,40.78852844238281,0.32738095238095233,0,0.0,0.0,19,0.05654761904761905,4,89,0.2648809523809524,24,0.2696629213483146,10,0.02976190476190476,355,31.962337493896484,330.87455973187565,5.071428571428571,1.114025073992368,0.40862315001953564
ABN65471,335,2600,1.9837982685293964,0.005921785876207153,150.44557189941406,0.44909125566482544,42.532466888427734,75.90167999267578,29.05274772644043,40.34666061401367,35.55501174926758,0.2827099950596378,0.5045125558326347,0.19311135156483514,-0.7694779116465863,0,0.0,-446.4626159667969,-1.3327242267665578,0.3940298507462687,0.0,0.16119402985074627,0.041791044776119404,0.014925373134328358,0.11641791044776119,0.0626865671641791,0.208955223880597,0.020895522388059702,51.58280563354492,0.0,9.297595977783203,5.925396919250488,2.6547718048095703,29.11507797241211,13.375201225280762,38.49471664428711,0.3462686567164179,0,0.0,0.0,16,0.04776119402985075,4,98,0.29253731343283584,28,0.2857142857142857,6,0.01791044776119403,353,31.53388214111328,333.0280594874575,5.128358208955224,1.1853127095040665,0.4110322516803028
ABN66052,337,2584,1.9619586236482873,0.005821835678481564,148.8226318359375,0.441610187292099,38.850364685058594,76.0799560546875,28.844255447387695,44.06814956665039,32.01180648803711,0.2610514557213808,0.5112122740750766,0.19381632411383296,-0.896825396825397,0,0.0,-465.002685546875,-1.3798299274387982,0.41543026706231456,0.0,0.1632047477744807,0.03560830860534125,0.01483679525222552,0.10979228486646884,0.06528189910979229,0.19584569732937684,0.020771513353115726,56.27412414550781,0.0,8.798553466796875,5.95719575881958,2.641871452331543,27.106647491455078,16.362712860107422,31.681529998779297,0.3827893175074184,0,0.0,0.0,21,0.06231454005934718,5,90,0.26706231454005935,31,0.34444444444444444,5,0.01483679525222552,358,31.369613647460938,342.15506728254553,5.181008902077151,1.0536041402431824,0.4166084129336568
ABN68180,336,2633,1.979635874448855,0.005891773435859687,154.01219177246094,0.4583696126937866,39.56338882446289,74.46638488769531,36.46892547607422,40.035736083984375,34.4306526184082,0.256884785348125,0.4835096756347228,0.2367924581578175,-0.8876447876447876,0,0.0,-443.916015625,-1.3211786179315477,0.3869047619047619,0.0,0.1636904761904762,0.050595238095238096,0.01488095238095238,0.1130952380952381,0.05654761904761905,0.21428571428571427,0.020833333333333332,51.431854248046875,0.0,10.193161010742188,8.697515487670898,2.7974820137023926,24.789493560791016,14.571565628051758,41.53112030029297,0.33630952380952384,0,0.0,0.0,21,0.0625,4,90,0.26785714285714285,26,0.28888888888888886,4,0.011904761904761904,353,31.873973846435547,339.3867729588099,5.026785714285714,1.1275775468901217,0.38565880608464553
ANZ74293,354,2768,2.0365682557581417,0.005753017671633168,161.0801544189453,0.4550286829471588,46.80952453613281,83.52552795410156,26.092187881469727,45.395912170410156,38.129615783691406,0.2905977133246859,0.5185339451368056,0.1619826351395707,-0.8603703703703705,0,0.0,-465.8770751953125,-1.3160369355799788,0.4011299435028249,0.005649717514124294,0.1384180790960452,0.06779661016949153,0.014124293785310734,0.10451977401129943,0.05367231638418079,0.21468926553672316,0.022598870056497175,59.11402893066406,0.5925651788711548,6.990259170532227,16.728836059570312,2.475161552429199,24.08902931213379,11.435104370117188,39.65517044067383,0.32485875706214684,0,0.0,0.0,19,0.05367231638418079,4,107,0.3022598870056497,27,0.2523364485981308,6,0.01694915254237288,369,33.46473693847656,327.6945171628404,5.002824858757062,1.1966220229562439,0.5660374212999809
CAX41255,343,2677,1.997838414413593,0.005824601791293274,155.9654541015625,0.4547097682952881,37.06636047363281,70.80316162109375,43.478904724121094,42.99629211425781,27.806865692138672,0.23765750362574345,0.4539669507517205,0.27877266138569534,-1.05,0,0.0,-465.39044189453125,-1.3568234457566508,0.4139941690962099,0.0,0.15451895043731778,0.03498542274052478,0.014577259475218658,0.11370262390670553,0.05830903790087463,0.2099125364431487,0.02040816326530612,57.67791748046875,0.0,8.405704498291016,6.08231782913208,2.7079131603240967,31.098371505737305,13.025201797485352,36.96803665161133,0.358600583090379,0,0.0,0.0,15,0.043731778425655975,4,84,0.24489795918367346,28,0.3333333333333333,6,0.01749271137026239,364,32.525177001953125,335.7123299547334,5.011661807580175,1.1495301323996467,0.4106490493141155
CAX41646,341,2667,1.973199378461554,0.005786508441236229,153.06088256835938,0.4488588869571686,35.326683044433594,77.38343048095703,35.82382583618164,44.61662292480469,32.76680374145508,0.23080151147473063,0.5055728752014506,0.23404951830316384,-0.9868725868725869,0,0.0,-462.4335632324219,-1.356110156106809,0.375366568914956,0.005865102639296188,0.1495601173020528,0.06451612903225806,0.01466275659824047,0.11143695014662756,0.05571847507331378,0.22287390029325513,0.02346041055718475,50.36730194091797,0.27838948369026184,7.411981105804443,14.111336708068848,2.751978635787964,24.588281631469727,12.414508819580078,41.137107849121094,0.3020527859237536,0,0.0,0.0,15,0.04398826979472141,4,90,0.26392961876832843,31,0.34444444444444444,8,0.02346041055718475,358,32.39011764526367,347.14435313711226,5.020527859237537,1.0137996598824803,0.4291245428664723
CAX43883,348,2741,2.0140665173574557,0.00578754746367085,157.9788055419922,0.4539620876312256,40.58987045288086,71.22724914550781,42.16359329223633,35.421234130859375,35.80600357055664,0.2569323797178078,0.4508658544489056,0.2668939871242973,-0.8411985018726592,0,0.0,-448.7454833984375,-1.2894985155127514,0.3850574712643678,0.0,0.16379310344827586,0.02586206896551724,0.028735632183908046,0.09482758620689655,0.07183908045977011,0.22988505747126436,0.020114942528735632,53.33642578125,0.0,10.134435653686523,3.806583881378174,4.678680896759033,20.84467124938965,20.42020606994629,44.7578125,0.3189655172413793,0,0.0,0.0,12,0.034482758620689655,4,104,0.2988505747126437,29,0.27884615384615385,6,0.017241379310344827,368,33.34425735473633,335.49620046897155,5.025862068965517,1.1087698084855626,0.4760794903883071
CCA40817,355,2799,2.039262515721167,0.005744401452735682,154.77569580078125,0.4359878897666931,43.14715576171875,75.44136047363281,32.30644989013672,39.17095947265625,36.27040481567383,0.2787721647024956,0.48742381730744583,0.20873076824490455,-1.0961832061068701,0,0.0,-475.72503662109375,-1.340070525693222,0.4056338028169014,0.005633802816901409,0.1352112676056338,0.059154929577464786,0.028169014084507043,0.10422535211267606,0.04507042253521127,0.21690140845070421,0.022535211267605635,59.404441833496094,0.5983105897903442,7.041722297668457,13.208513259887695,3.0895919799804688,26.199277877807617,10.599533081054688,34.63431167602539,0.32394366197183094,0,0.0,0.0,17,0.04788732394366197,3,99,0.27887323943661974,35,0.35353535353535354,11,0.030985915492957747,373,34.169097900390625,330.0528511231078,5.101408450704225,1.2367425430774004,0.5248839673670718
CCC13794,393,3045,2.0971548359583343,0.005336271847222225,172.56246948242188,0.4390902519226074,53.364891052246094,70.21127319335938,40.85395050048828,34.290340423583984,35.920936584472656,0.30924969497890803,0.4068745272593092,0.23674875900318454,-0.8156666666666668,0,0.0,-487.6575622558594,-1.24085893703781,0.34096692111959287,0.0,0.1628498727735369,0.015267175572519083,0.01272264631043257,0.1475826972010178,0.08142493638676845,0.23918575063613232,0.017811704834605598,44.86762237548828,0.0,15.355875968933105,2.285655975341797,1.9952439069747925,41.255062103271484,21.571670532226562,45.23133087158203,0.2646310432569974,0,0.0,0.0,19,0.04834605597964377,4,98,0.24936386768447838,28,0.2857142857142857,15,0.03816793893129771,415,37.24699401855469,330.1382218339304,5.061068702290076,1.3474455932660652,0.4224910769144049
CCE39733,343,2651,1.9903957053392813,0.005802902931018313,159.1754150390625,0.4640682637691498,40.95240020751953,76.24472045898438,37.5219612121582,46.291175842285156,29.953542709350586,0.257278425801306,0.47899809427400275,0.23572711403296867,-0.9818181818181818,0,0.0,-476.5799255371094,-1.3894458470469662,0.4227405247813411,0.0,0.16034985422740525,0.03498542274052478,0.014577259475218658,0.11078717201166181,0.06705539358600583,0.18950437317784258,0.02040816326530612,64.83065795898438,0.0,10.473775863647461,6.848527431488037,2.240450620651245,25.256664276123047,15.903594017028809,33.62175369262695,0.3935860058309038,0,0.0,0.0,13,0.037900874635568516,4,85,0.2478134110787172,27,0.3176470588235294,5,0.014577259475218658,367,32.16122817993164,336.19515419165197,5.090379008746356,1.0707056036058504,0.4672749200209314
CCE40009,341,2660,1.9710607952256773,0.005780236936145681,155.0899200439453,0.45480915904045105,38.00551986694336,82.05148315429688,31.02115249633789,48.31662368774414,33.73485565185547,0.2450547389293537,0.5290574856898971,0.20002043000311,-0.8284046692607003,0,0.0,-465.123291015625,-1.3639979208669355,0.39296187683284456,0.0,0.15249266862170088,0.06158357771260997,0.01466275659824047,0.0967741935483871,0.06744868035190615,0.21407624633431085,0.020527859237536656,56.86474609375,0.0,9.693525314331055,14.718701362609863,2.8170740604400635,18.346054077148438,16.455455780029297,36.194366455078125,0.33137829912023453,0,0.0,0.0,12,0.03519061583577713,4,98,0.2873900293255132,30,0.30612244897959184,7,0.020527859237536656,360,32.251686096191406,347.3614160732931,5.029325513196481,0.9922651337868522,0.39464796070905317
CCE40418,337,2633,1.997227093149554,0.005926489890651495,161.03012084960938,0.47783419489860535,37.46955108642578,84.80329132080078,33.71601104736328,46.1817626953125,38.62152862548828,0.23268659856139376,0.5266299924099355,0.20937704616673317,-1.0314176245210727,0,0.0,-456.90570068359375,-1.3558032661234236,0.39465875370919884,0.005934718100890208,0.1543026706231454,0.05637982195845697,0.01483679525222552,0.10385756676557864,0.06231454005934718,0.20771513353115728,0.02373887240356083,54.38452911376953,0.5260686874389648,9.571402549743652,12.196005821228027,2.455263614654541,27.920242309570312,13.677372932434082,40.299232482910156,0.3412462908011869,0,0.0,0.0,21,0.06231454005934718,4,92,0.27299703264094954,26,0.2826086956521739,2,0.005934718100890208,355,31.996747970581055,330.49775379502944,5.01186943620178,1.0131593214442178,0.47894124491242307
CCE41045,347,2695,2.0012101144713097,0.005767176122395705,156.79176330566406,0.45184946060180664,41.55718231201172,72.6336669921875,39.671783447265625,40.41725158691406,32.21641159057617,0.26504697336043337,0.46324925149664176,0.25302211424158716,-0.9634980988593156,0,0.0,-444.14764404296875,-1.279964392054665,0.3515850144092219,0.0,0.14121037463976946,0.06628242074927954,0.01729106628242075,0.11239193083573487,0.05763688760806916,0.25360230547550433,0.020172910662824207,47.01844024658203,0.0,4.900932312011719,15.963351249694824,3.6768195629119873,27.294795989990234,14.792354583740234,43.145057678222656,0.239193083573487,0,0.0,0.0,11,0.03170028818443804,3,95,0.2737752161383285,25,0.2631578947368421,10,0.02881844380403458,368,32.64459991455078,336.2642528341395,5.020172910662824,1.1279222094603103,0.19944533271842357
CCE41438,341,2682,1.9812258053959124,0.00581004635013464,156.21237182617188,0.4581007957458496,35.78352355957031,89.16020202636719,27.604215621948242,49.678504943847656,39.481693267822266,0.22906971542170215,0.5707627442311791,0.1767095352259636,-0.9061538461538462,0,0.0,-464.666259765625,-1.3626576532716275,0.39002932551319647,0.0,0.15542521994134897,0.06158357771260997,0.01466275659824047,0.09090909090909091,0.06158357771260997,0.22580645161290322,0.020527859237536656,55.31640625,0.0,9.660871505737305,15.963447570800781,2.5545730590820312,17.469263076782227,13.577865600585938,41.6699333190918,0.31964809384164217,0,0.0,0.0,11,0.03225806451612903,4,89,0.26099706744868034,26,0.29213483146067415,6,0.017595307917888565,360,32.54821014404297,344.87113386059093,5.023460410557185,1.0706791508688875,0.36814202711441846
CCE78191,337,2642,1.9863447945110484,0.005894198203296879,152.2794189453125,0.4518676996231079,36.27769470214844,78.64007568359375,31.549365997314453,43.57948303222656,35.06060028076172,0.23823110800794886,0.5164195938509291,0.20718076162770657,-1.1015503875968993,0,0.0,-452.4640808105469,-1.342623385194501,0.37388724035608306,0.0,0.1632047477744807,0.04451038575667656,0.01483679525222552,0.12166172106824925,0.06528189910979229,0.2166172106824926,0.020771513353115726,50.51298522949219,0.0,10.19811725616455,8.38908576965332,2.4355180263519287,26.041759490966797,15.216320037841797,39.485633850097656,0.3204747774480712,0,0.0,0.0,24,0.0712166172106825,5,90,0.26706231454005935,26,0.28888888888888886,7,0.020771513353115726,352,32.11976623535156,337.1078788856772,5.068249258160237,1.1326703457651166,0.40890589350090645
CCG22283,333,2611,1.9675012548718616,0.005908412176792377,155.2591094970703,0.46624356508255005,38.674217224121094,79.94706726074219,31.73106575012207,43.113731384277344,36.83333206176758,0.24909467373217714,0.5149267409797347,0.20437490497599967,-0.9413793103448277,0,0.0,-434.8075256347656,-1.3057283052095063,0.42342342342342343,0.006006006006006006,0.14714714714714713,0.009009009009009009,0.015015015015015015,0.1111111111111111,0.07207207207207207,0.21621621621621623,0.024024024024024024,61.76952362060547,0.3919849097728729,6.937783718109131,0.18198789656162262,2.585548162460327,27.994400024414062,15.062026977539062,40.335845947265625,0.35435435435435436,0,0.0,0.0,14,0.042042042042042045,3,87,0.26126126126126126,25,0.28735632183908044,5,0.015015015015015015,348,31.710433959960938,342.81657935192106,5.078078078078078,1.0386951668614268,0.42232603899366694
CCG22285,338,2649,2.0089521700402933,0.005943645473491992,162.08401489257812,0.4795385003089905,35.41361999511719,80.81133270263672,41.1087532043457,40.73126220703125,40.080078125,0.21848928173816348,0.498576819905373,0.2536262026307203,-1.0653992395437264,0,0.0,-452.88006591796875,-1.33988185182831,0.39644970414201186,0.005917159763313609,0.15384615384615385,0.047337278106508875,0.014792899408284023,0.10946745562130178,0.05917159763313609,0.21301775147928995,0.023668639053254437,54.529300689697266,0.6125131845474243,9.95019245147705,9.694299697875977,2.452672243118286,29.38054084777832,13.676725387573242,41.78777313232422,0.3372781065088758,0,0.0,0.0,14,0.04142011834319527,4,85,0.2514792899408284,27,0.3176470588235294,2,0.005917159763313609,358,32.23259353637695,326.7180788750278,4.976331360946745,1.0376397279705374,0.5483111473564413
CCG24478,343,2669,1.9975524106590303,0.005823767961105045,159.58566284179688,0.46526432037353516,37.489681243896484,70.91725158691406,46.90215301513672,42.69484329223633,28.222412109375,0.23491885534267187,0.4443836014092127,0.2938995407227311,-0.9864150943396228,0,0.0,-468.9635925292969,-1.367240794546055,0.4198250728862974,0.0,0.15743440233236153,0.03498542274052478,0.014577259475218658,0.10204081632653061,0.06705539358600583,0.20408163265306123,0.02040816326530612,61.77861785888672,0.0,8.93738079071045,7.281999588012695,2.226076602935791,25.81999397277832,15.911755561828613,37.62984085083008,0.3731778425655977,0,0.0,0.0,13,0.037900874635568516,4,80,0.23323615160349853,26,0.325,5,0.014577259475218658,365,32.34598922729492,334.8528691645068,5.061224489795919,1.0815310871067312,0.49305287776883766
CCG25156,339,2659,1.9998303162092044,0.005899204472593523,151.33787536621094,0.4464244246482849,44.75840759277344,62.38838195800781,41.887935638427734,35.84346008300781,26.544925689697266,0.2957515260767735,0.41224565765205134,0.2767842190004738,-0.8272373540856032,0,0.0,-448.96051025390625,-1.3243672868846792,0.35693215339233036,0.011799410029498525,0.14454277286135694,0.06784660766961652,0.017699115044247787,0.11504424778761062,0.0471976401179941,0.23893805309734514,0.02359882005899705,45.27231216430664,2.7427468299865723,6.043949604034424,14.690320014953613,3.3093082904815674,28.16950225830078,10.091395378112793,41.01833724975586,0.2625368731563421,0,0.0,0.0,17,0.05014749262536873,3,105,0.30973451327433627,31,0.29523809523809524,8,0.02359882005899705,361,32.374446868896484,332.4596119162034,4.988200589970502,1.1883835187794847,0.32345810910509365
CCH43855,349,2762,2.0243071605786387,0.005800307050368592,164.96823120117188,0.47268834710121155,40.452117919921875,82.2614517211914,38.52778625488281,44.56861114501953,37.69283676147461,0.24521156361670754,0.4986502620669855,0.23354670153370188,-1.0340659340659342,0,0.0,-466.9537048339844,-1.337976231616001,0.36962750716332377,0.0,0.14040114613180515,0.0659025787965616,0.02865329512893983,0.10601719197707736,0.06876790830945559,0.22063037249283668,0.02005730659025788,55.988548278808594,0.0,9.275267601013184,13.796483039855957,3.5650362968444824,24.92616081237793,18.066017150878906,39.35072708129883,0.28939828080229224,0,0.0,0.0,19,0.054441260744985676,4,79,0.22636103151862463,23,0.2911392405063291,11,0.03151862464183381,365,33.624210357666016,332.96182224446176,4.948424068767908,1.1407633051573618,0.4623484854937574
CCH57958,340,2657,2.004119908937959,0.0058944703204057616,152.08013916015625,0.44729453325271606,41.28953552246094,62.47257995605469,46.37675476074219,37.62162399291992,24.850955963134766,0.2714985385368352,0.41078723560519986,0.30494944978911825,-0.9015444015444015,0,0.0,-463.4091796875,-1.3629681755514707,0.37941176470588234,0.0,0.16176470588235295,0.052941176470588235,0.014705882352941176,0.12058823529411765,0.05,0.22058823529411764,0.020588235294117647,47.127197265625,0.0,9.918654441833496,12.159429550170898,2.2015483379364014,30.749046325683594,11.015783309936523,38.908477783203125,0.3205882352941176,0,0.0,0.0,14,0.041176470588235294,4,89,0.26176470588235295,26,0.29213483146067415,9,0.026470588235294117,357,32.17015075683594,330.0809395736144,5.1,1.2813380902617186,0.3885522036401866
CCH60145,344,2692,2.016904373007813,0.0058630941075808515,160.17269897460938,0.4656183123588562,39.614784240722656,81.85647583007812,33.550079345703125,45.31074142456055,36.54573440551758,0.24732544618607197,0.5110513611502172,0.20946190930466554,-0.8486486486486485,0,0.0,-473.32745361328125,-1.3759519000386082,0.38953488372093026,0.011627906976744186,0.1511627906976744,0.0436046511627907,0.014534883720930232,0.11337209302325581,0.05813953488372093,0.2180232558139535,0.023255813953488372,54.8759880065918,1.7680602073669434,8.860187530517578,8.851325035095215,2.2003931999206543,29.517587661743164,12.821022987365723,41.27812957763672,0.32267441860465124,0,0.0,0.0,19,0.055232558139534885,4,96,0.27906976744186046,29,0.3020833333333333,5,0.014534883720930232,365,32.505043029785156,328.1097471934475,5.090116279069767,1.198400216485121,0.4640383658082162
EDK39148,328,2558,1.963394255262586,0.0059859580953127624,151.91348266601562,0.46315085887908936,37.08319854736328,76.31596374511719,34.57150650024414,43.048912048339844,33.26704025268555,0.24410735569068168,0.5023646512857528,0.22757365504054822,-0.9850806451612903,0,0.0,-426.03912353515625,-1.2988997668754765,0.3719512195121951,0.0,0.17073170731707318,0.06707317073170732,0.01524390243902439,0.08231707317073171,0.06707317073170732,0.22560975609756098,0.021341463414634148,47.08652114868164,0.0,11.040515899658203,12.620097160339355,2.665923595428467,18.310749053955078,17.47037696838379,42.71931457519531,0.3170731707317074,0,0.0,0.0,21,0.06402439024390244,4,83,0.2530487804878049,29,0.3493975903614458,5,0.01524390243902439,344,30.987335205078125,337.96987548947266,5.039634146341464,1.0508124969209862,0.3656754699638196
EDK39163,331,2584,1.9695489856462567,0.005950299050290805,151.53237915039062,0.4578017592430115,38.81687927246094,75.66780090332031,33.2287712097168,41.83032989501953,33.837467193603516,0.25616227693446647,0.4993507085916116,0.21928495675989088,-0.9059288537549407,0,0.0,-441.101806640625,-1.3326338569203173,0.3776435045317221,0.0,0.17220543806646527,0.04833836858006042,0.015105740181268883,0.1148036253776435,0.06042296072507553,0.21148036253776434,0.021148036253776436,50.96971893310547,0.0,11.678247451782227,11.195985794067383,2.441230535507202,26.96574592590332,11.668689727783203,36.612762451171875,0.33836858006042303,0,0.0,0.0,16,0.04833836858006042,4,103,0.311178247734139,29,0.2815533980582524,6,0.01812688821752266,347,31.469959259033203,338.21444192235344,5.099697885196375,1.1089991693383694,0.4178524435572567
EDK41009,336,2630,1.9788932614178525,0.005889563278029323,154.1222381591797,0.4586971402168274,36.96246337890625,78.1405029296875,34.852134704589844,43.81155014038086,34.32896041870117,0.2398256333439103,0.5070034270394053,0.22613306892542043,-0.8861538461538462,0,0.0,-444.69580078125,-1.3234994070870536,0.37797619047619047,0.0,0.16071428571428573,0.05654761904761905,0.01488095238095238,0.13095238095238096,0.05357142857142857,0.20535714285714285,0.020833333333333332,51.42332077026367,0.0,9.063272476196289,11.463605880737305,2.7032461166381836,30.17359733581543,13.795241355895996,35.499969482421875,0.3333333333333333,0,0.0,0.0,23,0.06845238095238096,6,95,0.28273809523809523,25,0.2631578947368421,13,0.03869047619047619,354,31.96321678161621,339.3818705605545,5.050595238095238,1.112001502068641,0.41317486070082365
EDK41061,338,2656,1.988439120746837,0.005882955978540938,157.56622314453125,0.4661722481250763,32.81130599975586,88.11123657226562,32.92483139038086,50.08998489379883,38.02124786376953,0.20823819562939536,0.5592012984371882,0.20895868881860422,-1.2066666666666668,0,0.0,-454.299072265625,-1.344080095460429,0.38461538461538464,0.0,0.15976331360946747,0.05621301775147929,0.029585798816568046,0.11242603550295859,0.05621301775147929,0.20118343195266272,0.020710059171597635,55.35942840576172,0.0,9.728309631347656,13.056879997253418,4.514632701873779,24.97467803955078,12.618982315063477,37.313316345214844,0.3431952662721893,0,0.0,0.0,20,0.05917159763313609,4,86,0.25443786982248523,28,0.32558139534883723,12,0.03550295857988166,357,32.34081268310547,337.82452394052837,5.071005917159764,1.1538103449550554,0.41216604260967193
EDK43723,338,2636,1.9678136902075725,0.00582193399469696,155.92796325683594,0.46132534742355347,34.115379333496094,82.47394561767578,35.68475341796875,46.62848663330078,35.84545135498047,0.21878936029776214,0.5289233816376429,0.22885409821707728,-0.9957198443579766,0,0.0,-474.84930419921875,-1.4048795982225406,0.40236686390532544,0.0,0.16272189349112426,0.04437869822485207,0.014792899408284023,0.09171597633136094,0.0621301775147929,0.22189349112426035,0.020710059171597635,58.74412155151367,0.0,9.269762992858887,10.377111434936523,2.783285617828369,17.850622177124023,15.33241081237793,41.570648193359375,0.3431952662721893,0,0.0,0.0,15,0.04437869822485207,4,84,0.2485207100591716,28,0.3333333333333333,7,0.020710059171597635,356,31.99081802368164,345.93417825183536,5.059171597633136,1.0139275906179428,0.42833513348451246
EDK46659,343,2635,1.9914115680651419,0.005805864629927528,156.66146850585938,0.45673897862434387,41.701499938964844,77.40509796142578,32.849578857421875,42.07173156738281,35.33336639404297,0.2661886189162407,0.49409148720274326,0.20968512021954686,-0.7112359550561796,0,0.0,-469.21612548828125,-1.367977042239887,0.4139941690962099,0.0,0.15743440233236153,0.026239067055393587,0.014577259475218658,0.11661807580174927,0.06997084548104957,0.20116618075801748,0.02040816326530612,59.309791564941406,0.0,9.121743202209473,3.900214910507202,2.454951047897339,29.208633422851562,15.334508895874023,37.331642150878906,0.3702623906705539,0,0.0,0.0,16,0.04664723032069971,4,101,0.2944606413994169,28,0.27722772277227725,5,0.014577259475218658,363,32.063926696777344,333.65492686599595,5.096209912536443,1.1307327676782037,0.4603062444665773
EDK47269,336,2628,1.9970272337520323,0.00594353343378581,153.397705078125,0.4565407931804657,42.292476654052734,76.46062469482422,32.55558776855469,41.564231872558594,34.896400451660156,0.27570475472571965,0.49844699212340265,0.2122299531924172,-0.893076923076923,0,0.0,-437.7315368652344,-1.302772431146531,0.36607142857142855,0.011904761904761904,0.15476190476190477,0.05654761904761905,0.01488095238095238,0.12202380952380952,0.05654761904761905,0.21726190476190477,0.023809523809523808,47.751373291015625,2.4511806964874268,6.400943756103516,10.211714744567871,2.001140832901001,30.68125343322754,14.088849067687988,39.81122589111328,0.3035714285714285,0,0.0,0.0,14,0.041666666666666664,3,96,0.2857142857142857,32,0.3333333333333333,12,0.03571428571428571,357,31.79435157775879,329.969195565026,5.059523809523809,1.1519735657815806,0.2541288361341296
EDO15092,343,2703,2.012819216651245,0.005868277599566311,154.15213012695312,0.4494231343269348,36.956443786621094,72.89244842529297,38.77123260498047,42.96900177001953,29.923452377319336,0.23974007855866372,0.4728604681963321,0.25151279176648506,-1.072549019607843,0,0.0,-462.9210205078125,-1.3496239664950802,0.37026239067055394,0.0058309037900874635,0.13994169096209913,0.052478134110787174,0.014577259475218658,0.13411078717201166,0.06997084548104957,0.21282798833819241,0.023323615160349854,47.72834396362305,0.13434654474258423,7.842083930969238,10.47214412689209,2.5645222663879395,30.816099166870117,14.925458908081055,39.669132232666016,0.2973760932944607,0,0.0,0.0,17,0.04956268221574344,3,89,0.2594752186588921,30,0.33707865168539325,8,0.023323615160349854,361,32.66212844848633,331.4604647899031,5.043731778425656,1.258440714592085,0.41967640073797174
EEQ37269,332,2576,1.9839184403754921,0.00597565795293823,150.3077392578125,0.4527341425418854,35.001853942871094,76.1335220336914,33.094032287597656,42.42201614379883,33.71151351928711,0.23286794223439705,0.5065176444647659,0.22017517162462102,-0.9273437499999999,0,0.0,-454.83319091796875,-1.3699794907167733,0.42168674698795183,0.0,0.15963855421686746,0.0391566265060241,0.015060240963855422,0.1144578313253012,0.05120481927710843,0.19879518072289157,0.02108433734939759,59.63282775878906,0.0,8.548863410949707,5.758204936981201,2.41428279876709,28.17008399963379,10.402606964111328,35.38087463378906,0.3825301204819277,0,0.0,0.0,18,0.05421686746987952,4,94,0.28313253012048195,26,0.2765957446808511,8,0.024096385542168676,349,31.355205535888672,329.89399907497193,4.978915662650603,1.1381416136667735,0.42509665222912596
EEQ38647,332,2587,1.988591222400749,0.005989732597592617,155.62799072265625,0.4687590003013611,34.65924835205078,82.07656860351562,33.98758316040039,44.922889709472656,37.15367889404297,0.2227057497247833,0.5273895025078349,0.21838991175417452,-0.9734375,0,0.0,-453.5853576660156,-1.3662209568253483,0.41566265060240964,0.0,0.15963855421686746,0.0391566265060241,0.015060240963855422,0.10542168674698796,0.05421686746987952,0.21084337349397592,0.02108433734939759,64.81591796875,0.0,9.782110214233398,4.306612491607666,2.320162057876587,24.112041473388672,11.054301261901855,39.236846923828125,0.36445783132530124,0,0.0,0.0,16,0.04819277108433735,4,84,0.25301204819277107,27,0.32142857142857145,8,0.024096385542168676,349,31.53453826904297,328.97271103066646,5.0843373493975905,1.1069135813988804,0.4719564275317465
EEQ40618,340,2645,1.9833774082369122,0.005833462965402683,152.917724609375,0.44975802302360535,42.97159957885742,73.14791870117188,32.69044494628906,43.09162139892578,30.056299209594727,0.28101124110123554,0.47834820252542104,0.21377799748064583,-0.8292307692307692,0,0.0,-461.529296875,-1.3574391084558823,0.4147058823529412,0.0,0.16176470588235295,0.026470588235294117,0.014705882352941176,0.10294117647058823,0.07647058823529412,0.20294117647058824,0.020588235294117647,55.97605514526367,0.0,9.253433227539062,3.720256805419922,1.8532768487930298,24.74286651611328,18.86797523498535,38.503868103027344,0.37352941176470594,0,0.0,0.0,21,0.061764705882352944,3,90,0.2647058823529412,28,0.3111111111111111,5,0.014705882352941176,357,32.11547088623047,339.0077210778036,5.047058823529412,1.0922994830728894,0.47036333241168915
EER30950,293,2306,1.9629640973142446,0.006699536168308002,150.76611328125,0.5145601034164429,42.15044403076172,61.38066101074219,45.22627258300781,37.276981353759766,24.103681564331055,0.2795750524664069,0.40712504736550625,0.29997637797188187,-0.6868085106382978,0,0.0,-390.10198974609375,-1.3314061083484428,0.37542662116040953,0.0,0.17064846416382254,0.040955631399317405,0.017064846416382253,0.12627986348122866,0.05802047781569966,0.21160409556313994,0.023890784982935155,47.985931396484375,0.0,12.990798950195312,6.961496353149414,2.774651288986206,30.382795333862305,12.53032398223877,37.14012145996094,0.33447098976109213,0,0.0,0.0,10,0.034129692832764506,4,80,0.27303754266211605,23,0.2875,6,0.020477815699658702,309,28.006587982177734,304.87529472181194,4.843003412969283,1.200455035323607,0.4584454474153741
EER31342,341,2669,2.04125743448329,0.005986092183235455,159.75567626953125,0.46849173307418823,41.758872985839844,77.01973724365234,38.83541488647461,44.6583137512207,32.36142349243164,0.2613921080048918,0.4821095502967216,0.24309255103370206,-0.9286792452830187,0,0.0,-458.83856201171875,-1.3455676305328996,0.39589442815249265,0.011730205278592375,0.15249266862170088,0.06158357771260997,0.01466275659824047,0.093841642228739,0.05278592375366569,0.21700879765395895,0.02346041055718475,57.02813720703125,2.2661561965942383,6.748552322387695,12.544864654541016,2.1275243759155273,22.935924530029297,13.591190338134766,42.51332473754883,0.33137829912023453,0,0.0,0.0,21,0.06158357771260997,4,95,0.2785923753665689,32,0.3368421052631579,6,0.017595307917888565,364,32.0894775390625,313.80165864874834,5.067448680351906,1.2108741994282664,0.4868426855425645
EER34926,345,2714,1.9955706961517685,0.005784262887396431,154.63442993164062,0.4482157528400421,35.24607849121094,80.87845611572266,35.203125,43.27885818481445,37.59959411621094,0.22793163532075103,0.5230300661468256,0.22765386088701123,-1.1007662835249041,0,0.0,-464.2606201171875,-1.345682956861413,0.3855072463768116,0.0,0.15942028985507245,0.06376811594202898,0.014492753623188406,0.1072463768115942,0.06086956521739131,0.20869565217391303,0.020289855072463767,50.56468200683594,0.0,9.542455673217773,17.34864044189453,2.6143136024475098,25.97862434387207,13.01512336730957,35.57060241699219,0.336231884057971,0,0.0,0.0,21,0.06086956521739131,4,83,0.24057971014492754,27,0.3253012048192771,12,0.034782608695652174,368,32.99769973754883,341.51398202126234,5.011594202898551,1.1072025350934191,0.39320685880262685
EER35024,345,2700,2.0139073630053157,0.005837412646392219,163.395263671875,0.47360944747924805,39.00010681152344,82.2530517578125,38.688209533691406,45.12966537475586,37.123374938964844,0.23868566282216216,0.5033992412594674,0.2367768114220483,-0.9315985130111525,0,0.0,-447.720703125,-1.297741168478261,0.3681159420289855,0.005797101449275362,0.14782608695652175,0.07246376811594203,0.014492753623188406,0.11304347826086956,0.06956521739130435,0.20869565217391303,0.02318840579710145,49.0571174621582,0.4007888436317444,8.480188369750977,16.8482608795166,3.052259683609009,28.508953094482422,16.10243797302246,40.945255279541016,0.30724637681159417,0,0.0,0.0,11,0.03188405797101449,3,99,0.28695652173913044,27,0.2727272727272727,7,0.020289855072463767,361,32.74748229980469,330.5561902143045,4.988405797101449,1.0966399243305316,0.44689190286922686
EER35026,344,2691,1.9814730754046372,0.005760096149432085,161.61541748046875,0.469812273979187,41.40873718261719,81.42848205566406,33.34266662597656,52.57975387573242,28.848731994628906,0.256217741030935,0.5038410525747317,0.2063086996635456,-0.9981132075471698,0,0.0,-448.99560546875,-1.3052197833393895,0.3808139534883721,0.005813953488372093,0.14244186046511628,0.0436046511627907,0.014534883720930232,0.11046511627906977,0.061046511627906974,0.24127906976744187,0.023255813953488372,52.61164855957031,0.374980092048645,7.516139984130859,9.121328353881836,2.213099479675293,25.06694793701172,13.800530433654785,50.910743713378906,0.28197674418604657,0,0.0,0.0,14,0.040697674418604654,4,91,0.26453488372093026,30,0.32967032967032966,15,0.0436046511627907,360,32.561004638671875,345.8988920114206,4.997093023255814,0.9296337939346898,0.4993248965077266
EER35045,341,2671,1.9902023255235899,0.005836370456080909,155.89581298828125,0.4571724832057953,40.32667922973633,74.3005599975586,38.197898864746094,39.11614227294922,35.18442153930664,0.2586771155474695,0.4766039483250509,0.24502196776521154,-1.0980237154150196,0,0.0,-455.75115966796875,-1.336513664715451,0.39589442815249265,0.005865102639296188,0.1495601173020528,0.03519061583577713,0.01466275659824047,0.10850439882697947,0.07331378299120235,0.21700879765395895,0.02346041055718475,56.548683166503906,0.5859151482582092,7.331974983215332,6.670736312866211,2.6467642784118652,22.080888748168945,16.358314514160156,43.67251968383789,0.32844574780058644,0,0.0,0.0,17,0.04985337243401759,4,84,0.24633431085043989,32,0.38095238095238093,10,0.02932551319648094,360,32.4786376953125,338.83026805222585,5.058651026392962,1.0914292029686115,0.4389602905050899
EGW30505,337,2592,1.9610062162546653,0.00581900954378239,151.89678955078125,0.4507323205471039,38.17506408691406,72.5771713256836,37.46783447265625,41.845970153808594,30.731197357177734,0.2513223893659161,0.47780582815688816,0.24666640146551763,-0.7806818181818181,0,0.0,-459.491943359375,-1.3634775767340503,0.42433234421364985,0.0,0.1632047477744807,0.03560830860534125,0.01483679525222552,0.10089020771513353,0.06528189910979229,0.19584569732937684,0.020771513353115726,59.37395477294922,0.0,9.49276065826416,6.460243225097656,2.606808662414551,24.035438537597656,15.792762756347656,34.13482666015625,0.3916913946587537,0,0.0,0.0,14,0.04154302670623145,4,91,0.27002967359050445,24,0.26373626373626374,7,0.020771513353115726,357,31.520431518554688,343.7146834660776,5.1513353115727005,1.0679196960859305,0.4085305320653301
EGW31012,332,2590,1.9670380573219501,0.005924813425668525,151.44747924804688,0.4561671018600464,42.34087371826172,80.27120971679688,25.35318946838379,45.02530288696289,35.24589538574219,0.2795746349063632,0.530026713652496,0.1674058201184009,-0.7318897637795276,0,0.0,-442.99755859375,-1.3343299957643073,0.3885542168674699,0.0,0.16265060240963855,0.045180722891566265,0.015060240963855422,0.10843373493975904,0.05421686746987952,0.22590361445783133,0.02108433734939759,50.44829559326172,0.0,9.416779518127441,10.430948257446289,3.195563793182373,27.399784088134766,10.23682975769043,40.31926727294922,0.32530120481927705,0,0.0,0.0,21,0.06325301204819277,4,97,0.2921686746987952,31,0.31958762886597936,9,0.02710843373493976,356,31.41329574584961,340.2996292465923,5.11144578313253,1.0801163355107433,0.40811709083039815
EGW32253,334,2640,1.975128039153398,0.005913557003453288,149.56324768066406,0.4477941691875458,40.252620697021484,76.5804443359375,30.187543869018555,39.801300048828125,36.77914047241211,0.26913443858190206,0.5120271558922428,0.20183798050088264,-0.8959999999999999,0,0.0,-434.5894775390625,-1.3011661004163548,0.39221556886227543,0.0,0.1497005988023952,0.03592814371257485,0.014970059880239521,0.11077844311377245,0.05688622754491018,0.23952095808383234,0.020958083832335328,54.01972198486328,0.0,9.62109088897705,7.143204212188721,2.471208333969116,24.904708862304688,13.277749061584473,38.125572204589844,0.3023952095808383,0,0.0,0.0,19,0.05688622754491018,4,92,0.2754491017964072,27,0.29347826086956524,13,0.038922155688622756,352,32.16279602050781,342.6243015977443,5.026946107784431,1.1108152714180142,0.4263283353145284
EGW32291,336,2649,1.9828475051105325,0.005901331860448013,153.11404418945312,0.45569655299186707,41.40437316894531,76.20278930664062,32.690528869628906,43.14642333984375,33.056373596191406,0.27041525412074086,0.4976864774883248,0.213504443976281,-0.96484375,0,0.0,-441.4313659667969,-1.3137838272821336,0.39880952380952384,0.0,0.1636904761904762,0.026785714285714284,0.01488095238095238,0.11607142857142858,0.0625,0.21726190476190477,0.020833333333333332,54.74537658691406,0.0,8.968011856079102,5.193673133850098,2.5308165550231934,29.120466232299805,13.894243240356445,38.66145706176758,0.34523809523809523,0,0.0,0.0,16,0.047619047619047616,4,108,0.32142857142857145,31,0.28703703703703703,9,0.026785714285714284,357,32.306427001953125,339.79267477998053,5.136904761904762,1.0606637516177615,0.475618566728656
EGW32584,334,2621,1.9716004367600992,0.005902995319641015,148.64492797851562,0.44504469633102417,41.64421844482422,65.98239135742188,37.69637680053711,34.27952194213867,31.702865600585938,0.28015902736246245,0.44389265247556,0.25360015516967754,-0.7768924302788844,0,0.0,-441.2274169921875,-1.3210401706352919,0.39221556886227543,0.0,0.1437125748502994,0.04491017964071856,0.014970059880239521,0.10179640718562874,0.06287425149700598,0.23952095808383234,0.020958083832335328,52.88763427734375,0.0,8.500910758972168,9.009185791015625,2.533444881439209,26.42454719543457,14.461748123168945,34.82746887207031,0.29640718562874246,0,0.0,0.0,18,0.05389221556886228,4,96,0.2874251497005988,28,0.2916666666666667,9,0.02694610778443114,351,31.922618865966797,341.98755581483874,5.032934131736527,1.0865464626976002,0.395434099533468
EGW32862,334,2611,1.9677927762415424,0.005891595138447732,148.85549926757812,0.4456751346588135,37.828243255615234,72.14261627197266,36.399147033691406,41.35236740112305,30.790254592895508,0.25412728076385227,0.48464864668715585,0.24452672029443404,-0.924015748031496,0,0.0,-439.7744140625,-1.316689862462575,0.39221556886227543,0.0,0.15568862275449102,0.03592814371257485,0.014970059880239521,0.10778443113772455,0.06287425149700598,0.23053892215568864,0.020958083832335328,52.009613037109375,0.0,9.369046211242676,7.353586673736572,2.097644090652466,26.269224166870117,13.534008026123047,38.222381591796875,0.3173652694610778,0,0.0,0.0,19,0.05688622754491018,4,95,0.2844311377245509,26,0.2736842105263158,9,0.02694610778443114,353,31.76594352722168,342.66424082055335,5.07185628742515,1.1065946084388605,0.40305372220936475
EGW33294,335,2624,1.9784412126055917,0.005905794664494303,151.67413330078125,0.4527586102485657,42.45714569091797,72.07935333251953,33.82435607910156,35.51566696166992,36.563690185546875,0.27992344354935095,0.47522508791647905,0.22300675364351885,-0.7913725490196079,0,0.0,-445.4612731933594,-1.3297351438607743,0.4059701492537313,0.0,0.16417910447761194,0.04477611940298507,0.014925373134328358,0.09253731343283582,0.056716417910447764,0.2208955223880597,0.020895522388059702,55.5454216003418,0.0,10.33954906463623,10.642927169799805,2.3831264972686768,20.396793365478516,10.783760070800781,41.58254623413086,0.3492537313432836,0,0.0,0.0,21,0.0626865671641791,4,99,0.2955223880597015,25,0.25252525252525254,10,0.029850746268656716,352,31.927444458007812,338.8397710605054,5.098507462686567,1.144390162142587,0.40123097749866854
EGW33854,342,2684,1.987453726340937,0.005811268205675254,153.57772827148438,0.4490576982498169,41.789527893066406,77.3825454711914,30.44170379638672,40.89751052856445,36.48504638671875,0.27210669387682107,0.5038656733768047,0.19821691686032705,-0.9616279069767443,0,0.0,-434.99755859375,-1.2719226859466375,0.39766081871345027,0.005847953216374269,0.1608187134502924,0.043859649122807015,0.014619883040935672,0.0935672514619883,0.049707602339181284,0.23391812865497075,0.023391812865497075,56.08214569091797,1.2760437726974487,8.580596923828125,8.133728981018066,2.2039151191711426,25.940759658813477,11.88596248626709,39.47459411621094,0.32456140350877194,0,0.0,0.0,28,0.08187134502923976,4,94,0.27485380116959063,29,0.30851063829787234,9,0.02631578947368421,363,32.552669525146484,341.89396393839877,5.055555555555555,1.084119703853242,0.3674959977224911
EGW34746,334,2620,1.9724848584157102,0.005905643288669791,150.3345947265625,0.4501035809516907,41.01641845703125,74.18621063232422,33.172508239746094,40.552589416503906,33.63362121582031,0.27283419715624574,0.4934739789418298,0.2206578485815738,-0.8136718749999999,0,0.0,-439.0514831542969,-1.3145253986655594,0.39520958083832336,0.0,0.16467065868263472,0.04491017964071856,0.014970059880239521,0.09880239520958084,0.06287425149700598,0.218562874251497,0.020958083832335328,52.26927947998047,0.0,10.025640487670898,10.228885650634766,2.1142935752868652,24.141841888427734,13.186347961425781,38.368289947509766,0.3413173652694611,0,0.0,0.0,19,0.05688622754491018,4,92,0.2754491017964072,26,0.2826086956521739,10,0.029940119760479042,353,31.886394500732422,341.39743711709116,5.080838323353293,1.0954417905449925,0.4003188058506497
EGW35041,322,2508,1.9706401111729177,0.006120000345257509,151.27667236328125,0.4698033332824707,45.027854919433594,67.52561950683594,35.425594329833984,35.76249313354492,31.76311683654785,0.2976523360541808,0.44637166095693515,0.23417750917181523,-0.8109756097560976,0,0.0,-426.62060546875,-1.3249087126358696,0.3695652173913043,0.0,0.17391304347826086,0.037267080745341616,0.015527950310559006,0.11490683229813664,0.07142857142857142,0.21739130434782608,0.021739130434782608,45.743228912353516,0.0,11.269798278808594,7.859020233154297,1.8975982666015625,27.597137451171875,19.971717834472656,36.93816375732422,0.32608695652173914,0,0.0,0.0,16,0.049689440993788817,4,92,0.2857142857142857,27,0.29347826086956524,10,0.031055900621118012,344,30.54961395263672,327.72198489760876,5.015527950310559,1.031522091110034,0.4021324517470577
EGW35463,334,2613,1.9704145169098037,0.005899444661406598,147.2061309814453,0.44073691964149475,40.25284194946289,71.99615478515625,31.928586959838867,36.08421325683594,35.91193771362305,0.273445417531805,0.48908394171592656,0.21689712749711032,-0.7915999999999999,0,0.0,-438.5655822753906,-1.313070605614942,0.38922155688622756,0.0,0.15269461077844312,0.03592814371257485,0.014970059880239521,0.11077844311377245,0.059880239520958084,0.23652694610778444,0.020958083832335328,51.12938690185547,0.0,9.99842643737793,6.568177700042725,2.2195754051208496,25.787025451660156,12.660369873046875,38.84317398071289,0.3053892215568862,0,0.0,0.0,19,0.05688622754491018,4,96,0.2874251497005988,28,0.2916666666666667,10,0.029940119760479042,353,31.808914184570312,341.5596923575477,5.065868263473054,1.0962202366463771,0.43801736173951733
EGW35479,335,2585,1.981973051453181,0.005916337467024421,150.49400329589844,0.44923582673072815,40.750999450683594,70.3346939086914,35.4818115234375,42.63005065917969,27.704648971557617,0.27078154981736885,0.46735878087049537,0.23576893926912051,-0.742687747035573,0,0.0,-441.29437255859375,-1.3172966345032648,0.39104477611940297,0.0,0.16119402985074627,0.04477611940298507,0.014925373134328358,0.1044776119402985,0.05970149253731343,0.22388059701492538,0.020895522388059702,51.78485870361328,0.0,8.483020782470703,8.908503532409668,2.628469228744507,25.214454650878906,14.085539817810059,39.38914489746094,0.32835820895522394,0,0.0,0.0,18,0.05373134328358209,4,95,0.2835820895522388,26,0.2736842105263158,10,0.029850746268656716,352,31.345945358276367,332.022344094606,5.077611940298508,1.1255356683079492,0.45049793323565845
EIW07406,342,2693,1.9866399507045647,0.005808888744750189,154.1027374267578,0.4505927860736847,35.057228088378906,87.6974868774414,27.694690704345703,49.64302062988281,38.0544548034668,0.22749257199302483,0.5690845493197186,0.17971576084109783,-1.0556862745098041,0,0.0,-461.1729736328125,-1.348458987230446,0.36257309941520466,0.0,0.1608187134502924,0.05555555555555555,0.014619883040935672,0.14619883040935672,0.05847953216374269,0.20175438596491227,0.02046783625730994,46.07680130004883,0.0,9.104992866516113,12.219264030456543,2.8130643367767334,34.81102752685547,11.861139297485352,37.21645736694336,0.32163742690058483,0,0.0,0.0,18,0.05263157894736842,3,92,0.26900584795321636,26,0.2826086956521739,7,0.02046783625730994,359,32.72240447998047,343.462129774621,5.140350877192983,1.1724259175714657,0.37868352890523715
EJS41804,342,2684,1.985069047646172,0.00580429546095372,151.34129333496094,0.442518413066864,35.26250457763672,79.81515502929688,32.02875900268555,47.8875732421875,31.927574157714844,0.2329998891947544,0.5273851786943795,0.2116326502628524,-0.955294117647059,0,0.0,-465.660400390625,-1.3615801181012428,0.36257309941520466,0.0,0.1608187134502924,0.06432748538011696,0.014619883040935672,0.14035087719298245,0.05847953216374269,0.19883040935672514,0.02046783625730994,45.76326370239258,0.0,8.897808074951172,13.460403442382812,2.422027587890625,32.568031311035156,13.546828269958496,34.682926177978516,0.32456140350877194,0,0.0,0.0,17,0.049707602339181284,3,93,0.2719298245614035,24,0.25806451612903225,7,0.02046783625730994,360,32.54828643798828,343.127604267427,5.1345029239766085,1.1899632557318516,0.36462613941186695
EMG50243,327,2539,1.937783538842597,0.005925943543861153,149.52987670898438,0.45727792382240295,37.9520378112793,71.09828186035156,36.878326416015625,41.4871711730957,29.611108779907227,0.2538090624199584,0.47547877003017475,0.24662848139565022,-0.807258064516129,0,0.0,-443.90155029296875,-1.3574970956971522,0.4036697247706422,0.0,0.1651376146788991,0.01834862385321101,0.01529051987767584,0.11314984709480122,0.05504587155963303,0.22935779816513763,0.021406727828746176,53.56822967529297,0.0,9.498964309692383,2.6111083030700684,2.6326072216033936,25.152629852294922,13.520901679992676,42.54542541503906,0.3394495412844037,0,0.0,0.0,17,0.05198776758409786,4,86,0.26299694189602446,27,0.313953488372093,6,0.01834862385321101,347,30.85469627380371,348.9369119568878,5.064220183486238,0.9636835659570482,0.4037175249023952
EMG50559,334,2628,1.980463562332556,0.005929531623750168,154.49168395996094,0.46254995465278625,41.12638854980469,78.25005340576172,30.845083236694336,33.73116683959961,44.518890380859375,0.2662045457441144,0.5065001001998367,0.19965529824044345,-0.8187499999999999,0,0.0,-440.41064453125,-1.318594744105539,0.40119760479041916,0.0,0.17065868263473055,0.03592814371257485,0.014970059880239521,0.09281437125748503,0.059880239520958084,0.2245508982035928,0.020958083832335328,55.781517028808594,0.0,11.223998069763184,7.912503242492676,2.8623228073120117,20.68617057800293,13.032732009887695,42.99244689941406,0.3473053892215569,0,0.0,0.0,17,0.05089820359281437,4,95,0.2844311377245509,24,0.25263157894736843,7,0.020958083832335328,354,31.98049545288086,338.3177556162972,4.994011976047904,1.0686785558095078,0.44380370832535887
EMG50561,343,2682,2.0190069257308347,0.005886317567728381,164.1761016845703,0.47864753007888794,42.090919494628906,82.6434326171875,34.254913330078125,46.993988037109375,35.64943313598633,0.25637665325674325,0.5033828417729725,0.20864737911667378,-0.9283582089552239,0,0.0,-451.837646484375,-1.3173109226949709,0.3760932944606414,0.0058309037900874635,0.1457725947521866,0.0641399416909621,0.014577259475218658,0.10495626822157435,0.05830903790087463,0.2303206997084548,0.023323615160349854,51.14525604248047,0.3209577202796936,8.412017822265625,14.877306938171387,2.7765138149261475,28.1085205078125,11.461297035217285,47.07423400878906,0.29154518950437314,0,0.0,0.0,13,0.037900874635568516,4,97,0.282798833819242,29,0.29896907216494845,7,0.02040816326530612,362,32.64630889892578,325.8707250580812,4.950437317784257,1.10830809845165,0.48288616499570536
EMG50733,341,2671,1.9818671185226695,0.00581192703379082,153.2952880859375,0.44954630732536316,35.73927307128906,75.85362243652344,37.076515197753906,41.45318603515625,34.40044021606445,0.23314006266946435,0.4948203130287985,0.24186337141014258,-1.119767441860465,0,0.0,-454.00341796875,-1.3313883224890029,0.3812316715542522,0.0,0.16129032258064516,0.06744868035190615,0.01466275659824047,0.0967741935483871,0.06744868035190615,0.21114369501466276,0.020527859237536656,48.86848831176758,0.0,9.073664665222168,16.6749210357666,2.606632947921753,20.708162307739258,14.200643539428711,41.16277313232422,0.33137829912023453,0,0.0,0.0,22,0.06451612903225806,4,88,0.25806451612903225,30,0.3409090909090909,9,0.026392961876832845,357,32.53113555908203,343.12336363682834,5.035190615835777,1.1181188400815478,0.39145448369848246
EMG50750,341,2674,1.9758332719895138,0.00579423246917746,152.03744506835938,0.44585761427879333,37.78110885620117,81.5608901977539,29.375513076782227,43.71491241455078,37.845977783203125,0.24849870924372583,0.5364526492870381,0.19321235675576073,-1.057915057915058,0,0.0,-460.36810302734375,-1.3500530880567265,0.36070381231671556,0.005865102639296188,0.1495601173020528,0.08797653958944282,0.01466275659824047,0.0967741935483871,0.07038123167155426,0.21407624633431085,0.02346041055718475,45.17913055419922,0.5538953542709351,7.124475479125977,21.84774398803711,2.5734875202178955,18.852169036865234,15.514031410217285,40.39250946044922,0.29618768328445744,0,0.0,0.0,26,0.07624633431085044,4,91,0.2668621700879765,29,0.31868131868131866,11,0.03225806451612903,360,32.532310485839844,346.6654169950027,5.1114369501466275,1.0650787018505876,0.4240227732847828
EPQ51678,344,2636,1.942237326665497,0.005646038740306678,150.28282165527344,0.43686866760253906,40.98107147216797,70.8392333984375,31.394681930541992,41.485477447509766,29.353759765625,0.27269298660210467,0.47137279309894925,0.2089039957112114,-0.8835877862595419,0,0.0,-429.0262756347656,-1.2471694059150165,0.3691860465116279,0.0,0.15988372093023256,0.029069767441860465,0.0,0.11918604651162791,0.06976744186046512,0.25290697674418605,0.01744186046511628,51.16426467895508,0.0,9.908498764038086,2.884615659713745,0.0,27.201061248779297,15.388481140136719,43.73589324951172,0.27616279069767447,0,0.0,0.0,22,0.06395348837209303,3,102,0.29651162790697677,24,0.23529411764705882,9,0.02616279069767442,355,32.215599060058594,359.7812417750354,5.0726744186046515,0.7947381012907824,0.30183026245295563
EXF74267,341,2636,1.9722484881156614,0.005783719906497541,150.08094787597656,0.44012007117271423,41.348602294921875,85.66128540039062,15.844497680664062,49.22799301147461,36.43328857421875,0.2755086696886497,0.5707672200416747,0.10557301179732413,-0.8312741312741313,0,0.0,-454.19232177734375,-1.331942292602181,0.33724340175953077,0.0,0.1348973607038123,0.0967741935483871,0.01466275659824047,0.12023460410557185,0.05865102639296188,0.2375366568914956,0.020527859237536656,40.809207916259766,0.0,8.24814510345459,24.338172912597656,2.7882511615753174,25.838850021362305,13.361194610595703,34.697113037109375,0.23460410557184747,0,0.0,0.0,22,0.06451612903225806,3,107,0.31378299120234604,28,0.2616822429906542,11,0.03225806451612903,360,32.06156921386719,343.6058189035259,5.029325513196481,1.0095311734898609,0.49467912937253056
EXU95441,345,2654,1.9737179506116203,0.005720921595975711,151.59327697753906,0.4394007921218872,45.79875946044922,56.51065444946289,41.3455810546875,33.97230911254883,22.538347244262695,0.3021160329374965,0.37277810451868415,0.27274020246170616,-0.729277566539924,0,0.0,-432.4690856933594,-1.2535335817198823,0.34782608695652173,0.002898550724637681,0.13043478260869565,0.043478260869565216,0.028985507246376812,0.11884057971014493,0.08115942028985507,0.2463768115942029,0.02318840579710145,42.71260070800781,0.2838206887245178,7.214809894561768,10.267081260681152,5.437650680541992,23.68902015686035,21.566478729248047,40.42180633544922,0.2318840579710145,0,0.0,0.0,14,0.04057971014492753,3,105,0.30434782608695654,29,0.2761904761904762,11,0.03188405797101449,360,32.435150146484375,345.18001641924934,5.063768115942029,0.9156218755680415,0.5578018128407634
GBF63150,314,2455,1.9743685182446788,0.00628779782880471,148.81890869140625,0.4739455580711365,54.32421875,57.29785919189453,30.73587989807129,34.85611343383789,22.441740036010742,0.3650357285084501,0.3850173321100511,0.20653208767849388,-0.5004016064257029,0,0.0,-396.5347900390625,-1.2628496498059316,0.33121019108280253,0.0,0.14012738853503184,0.07006369426751592,0.01592356687898089,0.11146496815286625,0.08917197452229299,0.24203821656050956,0.022292993630573247,43.166996002197266,0.0,9.273982048034668,11.936809539794922,2.4013566970825195,23.867008209228516,17.821622848510742,40.351131439208984,0.22929936305732485,0,0.0,0.0,11,0.03503184713375796,2,119,0.37898089171974525,28,0.23529411764705882,15,0.04777070063694268,325,30.164339065551758,318.98248969621596,4.875796178343949,0.9631393661650198,0.6090716724270705
KFA63262,343,2639,2.0043105742367198,0.005843471061914635,154.58067321777344,0.4506725072860718,47.780296325683594,67.94241333007812,32.262332916259766,31.235309600830078,36.707096099853516,0.3090961847369539,0.43952721847938114,0.2087087101167463,-0.6106060606060606,0,0.0,-439.8786315917969,-1.2824449900635477,0.3848396501457726,0.0,0.13702623906705538,0.04956268221574344,0.014577259475218658,0.10204081632653061,0.09037900874635568,0.22157434402332363,0.02040816326530612,54.68750762939453,0.0,7.691930294036865,6.818828582763672,2.630131483078003,24.46129035949707,19.671241760253906,38.61973190307617,0.3002915451895043,0,0.0,0.0,16,0.04664723032069971,3,110,0.3206997084548105,26,0.23636363636363636,6,0.01749271137026239,359,31.931621551513672,327.75123479414907,4.997084548104956,1.0625722294947124,0.4715331623879748
KGT65116,347,2712,2.0842982460104467,0.0060066231873499906,167.2616729736328,0.48202210664749146,38.16476058959961,87.68709564208984,38.52224349975586,54.834129333496094,32.852970123291016,0.22817397381655938,0.5242509780224001,0.23031124115223048,-0.9794007490636704,0,0.0,-469.39569091796875,-1.352725334057547,0.39481268011527376,0.005763688760806916,0.14985590778097982,0.05763688760806916,0.01440922190201729,0.10086455331412104,0.06340057636887608,0.2132564841498559,0.023054755043227664,62.522666931152344,1.209892988204956,6.30556058883667,13.191253662109375,2.5548298358917236,24.592315673828125,14.656084060668945,42.22907257080078,0.33141210374639773,0,0.0,0.0,19,0.05475504322766571,4,98,0.2824207492795389,35,0.35714285714285715,6,0.01729106628242075,371,32.73095703125,299.50915063706293,5.017291066282421,1.1610304536057252,0.6204888930751241
KGT65805,343,2674,1.9950762252537162,0.005816548761672642,156.145751953125,0.45523542165756226,38.848182678222656,71.7191390991211,41.82776641845703,42.21472930908203,29.504404067993164,0.2487943616287742,0.459308935414722,0.2678764288830204,-0.9301526717557252,0,0.0,-469.39324951171875,-1.3684934388096757,0.40233236151603496,0.0,0.15451895043731778,0.03498542274052478,0.014577259475218658,0.1282798833819242,0.061224489795918366,0.20408163265306123,0.02040816326530612,55.48244857788086,0.0,8.698362350463867,6.105469703674316,2.762951374053955,33.55704879760742,13.158602714538574,36.380863189697266,0.35276967930029146,0,0.0,0.0,16,0.04664723032069971,4,91,0.2653061224489796,28,0.3076923076923077,6,0.01749271137026239,366,32.570770263671875,336.73086231216405,5.075801749271137,1.1561538360919528,0.4238866453472312
KGT67521,341,2661,1.983009902390402,0.005815278306130211,157.84429931640625,0.4628865122795105,37.088951110839844,81.60872650146484,35.46442794799805,46.40843200683594,35.20029830932617,0.23497174919502994,0.5170204236383371,0.22467981486558442,-0.9969111969111969,0,0.0,-459.273193359375,-1.3468422092650294,0.3870967741935484,0.005865102639296188,0.1495601173020528,0.06158357771260997,0.01466275659824047,0.0967741935483871,0.06451612903225806,0.21994134897360704,0.02346041055718475,55.64562225341797,0.24907200038433075,7.851324558258057,13.348942756652832,2.793198823928833,19.22636604309082,13.759515762329102,44.97025680541992,0.3167155425219941,0,0.0,0.0,16,0.0469208211143695,4,95,0.2785923753665689,29,0.30526315789473685,7,0.020527859237536656,358,32.31000518798828,341.2480868544947,5.029325513196481,1.0406975498832534,0.4311215774208317
KGT70745,338,2629,1.9783319183819303,0.005853053012964291,156.58387756347656,0.46326589584350586,42.261863708496094,72.15193939208984,39.5139045715332,37.00952911376953,35.14241409301758,0.26989920269003315,0.4607877931930803,0.25234976414168125,-0.8125954198473284,0,0.0,-447.33087158203125,-1.3234641171066013,0.41420118343195267,0.0,0.16272189349112426,0.026627218934911243,0.014792899408284023,0.10650887573964497,0.0650887573964497,0.21005917159763313,0.020710059171597635,62.044471740722656,0.0,10.712325096130371,5.733192443847656,2.542952060699463,25.919052124023438,13.66719913482666,35.96468734741211,0.3668639053254438,0,0.0,0.0,11,0.03254437869822485,4,103,0.3047337278106509,29,0.2815533980582524,4,0.011834319526627219,359,31.800485610961914,339.5416944948809,5.053254437869822,1.1139313027397937,0.3511333286669922
KGT70854,345,2685,1.9914061222046708,0.005772191658564263,151.3855438232422,0.4387986660003662,38.40997314453125,70.64095306396484,37.96096420288086,36.382755279541016,34.25819396972656,0.25372286002010036,0.46662945007777784,0.2507568638601589,-0.848076923076923,0,0.0,-460.58966064453125,-1.3350424946218298,0.391304347826087,0.0,0.16231884057971013,0.017391304347826087,0.028985507246376812,0.11304347826086956,0.06666666666666667,0.22028985507246376,0.020289855072463767,53.8123893737793,0.0,10.274578094482422,2.2185981273651123,4.959328651428223,26.98638343811035,12.454607963562012,40.67966079711914,0.33333333333333337,0,0.0,0.0,14,0.04057971014492753,4,101,0.2927536231884058,29,0.2871287128712871,6,0.017391304347826087,367,32.60507583618164,339.98892916803413,5.101449275362318,1.0412828955832858,0.4936903261026372
KII83904,336,2553,1.914182188252387,0.0056969707983702,139.52032470703125,0.4152390658855438,42.84867858886719,68.1484146118164,20.508766174316406,29.5104923248291,38.63792037963867,0.30711424073046034,0.4884479358467405,0.14699482829746346,-0.6932,0,0.0,-429.720458984375,-1.278929937453497,0.37797619047619047,0.0,0.14583333333333334,0.03571428571428571,0.0,0.14285714285714285,0.06547619047619048,0.23214285714285715,0.017857142857142856,46.23347473144531,0.0,8.449907302856445,4.1411919593811035,0.0,31.361751556396484,13.091764450073242,36.242244720458984,0.2916666666666667,0,0.0,0.0,15,0.044642857142857144,2,85,0.25297619047619047,27,0.3176470588235294,9,0.026785714285714284,356,31.186580657958984,363.99968009968717,5.089285714285714,0.8717746305582001,0.32000031770024195
KII83927,336,2554,1.92909181258413,0.005741344680309911,144.18603515625,0.4291251003742218,45.61590576171875,66.39974212646484,24.25585174560547,35.16731262207031,31.232439041137695,0.31636840358559126,0.46051437682234253,0.16822608180688334,-0.7892857142857144,0,0.0,-453.6094665527344,-1.3500281742640905,0.36904761904761907,0.005952380952380952,0.14583333333333334,0.050595238095238096,0.0,0.14285714285714285,0.06547619047619048,0.22023809523809523,0.020833333333333332,46.49147033691406,0.8221403360366821,8.705272674560547,7.245123863220215,0.0,33.601322174072266,13.838189125061035,33.482521057128906,0.2946428571428572,0,0.0,0.0,13,0.03869047619047619,2,95,0.28273809523809523,31,0.3263157894736842,10,0.02976190476190476,356,31.15523910522461,355.76416340522195,5.074404761904762,0.8952474709710534,0.403340561525125
KIJ46908,337,2636,1.9750247160222707,0.005860607465941456,152.7504425048828,0.45326539874076843,49.07457733154297,64.07860565185547,34.1014289855957,36.977012634277344,27.10158920288086,0.32127289798178,0.41949865807954784,0.22324929752334838,-0.635632183908046,0,0.0,-435.3006591796875,-1.2916933506815653,0.3798219584569733,0.0,0.1394658753709199,0.05341246290801187,0.0,0.10385756676557864,0.06231454005934718,0.26112759643916916,0.017804154302670624,53.21183395385742,0.0,8.158099174499512,12.159128189086914,0.0,22.031532287597656,11.472850799560547,45.71699905395508,0.25816023738872407,0,0.0,0.0,19,0.05637982195845697,4,102,0.3026706231454006,23,0.22549019607843138,6,0.017804154302670624,356,32.11253356933594,342.15886822432606,4.937685459940653,0.9697540634352501,0.4874617004084001
KIM80149,335,2574,1.9144730426393128,0.005714844903400934,142.09222412109375,0.4241558909416199,47.68955612182617,65.07886505126953,22.357627868652344,37.10849380493164,27.97036361694336,0.33562396828403646,0.4580044084313021,0.15734589283083317,-0.5931451612903227,0,0.0,-444.1285705566406,-1.3257569270347482,0.4,0.0,0.15223880597014924,0.026865671641791045,0.0,0.13432835820895522,0.05373134328358209,0.23283582089552238,0.01791044776119403,50.474281311035156,0.0,9.300888061523438,4.7120466232299805,0.0,32.061824798583984,9.641368865966797,35.90180969238281,0.31940298507462694,0,0.0,0.0,13,0.03880597014925373,3,104,0.31044776119402984,26,0.25,13,0.03880597014925373,351,31.245370864868164,366.82656194808004,5.146268656716418,0.8127398055768105,0.35772211095407647
KIO03511,351,2769,1.9958780131762628,0.005686262145801318,156.53443908691406,0.44596704840660095,46.52043151855469,71.2681655883789,32.176475524902344,36.562347412109375,34.7058219909668,0.29718975447137685,0.45528744986787234,0.20555524849733994,-0.8922509225092251,0,0.0,-450.65301513671875,-1.2839117240362357,0.37037037037037035,0.0,0.14814814814814814,0.06837606837606838,0.014245014245014245,0.11396011396011396,0.07692307692307693,0.20797720797720798,0.019943019943019943,55.26173400878906,0.0,8.069317817687988,17.710472106933594,0.853165328502655,27.23267364501953,16.04033660888672,31.366741180419922,0.3105413105413105,0,0.0,0.0,22,0.06267806267806268,4,105,0.29914529914529914,28,0.26666666666666666,20,0.05698005698005698,368,33.82782745361328,348.2739353895473,5.131054131054131,1.1452043249983308,0.42725469711294506
KIW91465,328,2544,1.912267856987032,0.005830084929838512,143.68157958984375,0.43805360794067383,41.90071487426758,69.79940795898438,26.578834533691406,37.00093078613281,32.79848098754883,0.29162203668610953,0.48579232047862453,0.18498428684848725,-0.8204819277108434,0,0.0,-422.972412109375,-1.2895500369188262,0.3780487804878049,0.0,0.14634146341463414,0.036585365853658534,0.01524390243902439,0.10060975609756098,0.08231707317073171,0.24085365853658536,0.021341463414634148,46.45242691040039,0.0,7.7013092041015625,7.353030681610107,2.7644360065460205,20.807754516601562,23.4279842376709,35.17463684082031,0.2835365853658537,0,0.0,0.0,16,0.04878048780487805,3,111,0.3384146341463415,28,0.25225225225225223,7,0.021341463414634148,341,30.952529907226562,363.8068994578905,4.978658536585366,0.8780858892717629,0.34178860416190815
KIY00742,293,2260,1.849273338809806,0.006311513101739952,140.63247680664062,0.47997432947158813,41.47958755493164,60.80753707885742,34.15361404418945,34.32328796386719,26.484249114990234,0.2949502739112178,0.43238616327907914,0.24285723198310855,-0.6302419354838709,0,0.0,-382.7449951171875,-1.306296911662756,0.3890784982935154,0.006825938566552901,0.10238907849829351,0.030716723549488054,0.0,0.14675767918088736,0.06825938566552901,0.25597269624573377,0.023890784982935155,48.95293426513672,0.2430015504360199,6.569748878479004,4.781797885894775,0.0,26.47097396850586,13.560763359069824,40.05325698852539,0.2354948805460751,0,0.0,0.0,12,0.040955631399317405,2,75,0.25597269624573377,9,0.12,9,0.030716723549488054,307,27.56890869140625,357.3593200712659,4.877133105802048,0.5117006788452334,0.43929968170619393
KJJ29487,345,2680,1.9562148089214257,0.005670187851946161,151.82467651367188,0.4400715231895447,49.53923416137695,65.13890075683594,31.9554443359375,34.996185302734375,30.142704010009766,0.32629237419725987,0.429040273640696,0.21047595864997545,-1.0108949416342412,0,0.0,-455.8047180175781,-1.321173095703125,0.39710144927536234,0.0,0.14782608695652175,0.020289855072463767,0.0,0.12753623188405797,0.06956521739130435,0.23768115942028986,0.017391304347826087,52.94450378417969,0.0,8.88083553314209,1.3816337585449219,0.0,31.449352264404297,13.881828308105469,43.28651428222656,0.30724637681159417,0,0.0,0.0,13,0.03768115942028986,5,116,0.336231884057971,33,0.28448275862068967,13,0.03768115942028986,359,32.85462188720703,358.0017640436402,5.118840579710145,0.7977583052644879,0.3672336569669089
KNG79871,343,2648,1.9692674957842984,0.005741304652432356,150.54855346679688,0.4389170706272125,41.58119201660156,63.737186431884766,36.22494888305664,37.95661926269531,25.780567169189453,0.27619788472940854,0.4233663158108115,0.24061970738925742,-0.7409961685823756,0,0.0,-443.7684326171875,-1.2937855178343658,0.40233236151603496,0.0058309037900874635,0.1457725947521866,0.01749271137026239,0.0,0.13994169096209913,0.061224489795918366,0.22740524781341107,0.02040816326530612,51.04316711425781,0.7166190147399902,8.969593048095703,3.496349811553955,0.0,36.258567810058594,11.010592460632324,39.05366897583008,0.32069970845481044,0,0.0,0.0,16,0.04664723032069971,3,102,0.29737609329446063,32,0.3137254901960784,13,0.037900874635568516,358,32.269283294677734,346.73991817998785,4.994169096209912,0.8076859326810066,0.3463953549046608
KOH48093,342,2689,1.9887286540761628,0.005814996064550184,154.6807403564453,0.4522828757762909,36.49082565307617,86.51423645019531,27.542146682739258,49.153472900390625,37.36076354980469,0.23591059603792267,0.5593083938623028,0.17805802208646862,-1.0223529411764705,0,0.0,-466.9517822265625,-1.3653560883817617,0.3654970760233918,0.0,0.1608187134502924,0.04678362573099415,0.014619883040935672,0.15497076023391812,0.05555555555555555,0.20175438596491227,0.02046783625730994,47.572349548339844,0.0,9.011701583862305,10.78652572631836,2.967090368270874,35.77207946777344,11.896965026855469,36.67403793334961,0.32456140350877194,0,0.0,0.0,17,0.049707602339181284,4,95,0.2777777777777778,27,0.28421052631578947,7,0.02046783625730994,359,32.70488739013672,341.8725316698007,5.140350877192983,1.1938919948265443,0.37233899312119145
KRZ99698,337,2654,1.9994153109254296,0.005932983118473085,156.1986083984375,0.4634973406791687,40.62562561035156,73.31471252441406,39.90199279785156,42.94643020629883,30.368284225463867,0.2600895489844707,0.4693685384020838,0.25545677523623006,-0.9219230769230768,0,0.0,-455.2279052734375,-1.3508246447283012,0.3887240356083086,0.0,0.1632047477744807,0.04451038575667656,0.01483679525222552,0.12166172106824925,0.06231454005934718,0.20474777448071216,0.020771513353115726,53.379093170166016,0.0,10.970207214355469,8.844100952148438,2.708453416824341,30.527238845825195,14.157060623168945,35.61246109008789,0.34718100890207715,0,0.0,0.0,18,0.05341246290801187,4,104,0.3086053412462908,29,0.27884615384615385,6,0.017804154302670624,355,32.05683135986328,332.041125686979,5.044510385756676,1.0908056967119966,0.5041280913117053
KYG41666,341,2622,1.947466457422342,0.005711045329684287,150.81484985351562,0.44227227568626404,44.88750076293945,71.50708770751953,28.10110855102539,39.19956588745117,32.307518005371094,0.2976331628253986,0.4741382415390353,0.1863285251970851,-0.9643137254901962,0,0.0,-452.3819580078125,-1.326633307940799,0.3812316715542522,0.005865102639296188,0.1378299120234604,0.04105571847507331,0.0,0.12609970674486803,0.07038123167155426,0.2375366568914956,0.020527859237536656,50.967124938964844,1.8831887245178223,6.220290184020996,6.1749267578125,0.0,27.9038028717041,13.702310562133789,43.96320343017578,0.281524926686217,0,0.0,0.0,16,0.0469208211143695,3,111,0.3255131964809384,31,0.27927927927927926,12,0.03519061583577713,359,31.912893295288086,354.9954020202471,5.0821114369501466,0.7863061500869974,0.3518426587796817
KZP19288,335,2564,1.9450606454585435,0.005806151180473265,148.4191131591797,0.443042129278183,53.45741653442383,69.00373840332031,20.47294807434082,33.10102844238281,35.9027099609375,0.3601787896218641,0.4649248801892093,0.13794010514254695,-0.58125,0,0.0,-436.8961486816406,-1.3041676080048974,0.382089552238806,0.011940298507462687,0.14626865671641792,0.029850746268656716,0.0,0.14626865671641792,0.05373134328358209,0.2298507462686567,0.020895522388059702,45.77665328979492,1.564934253692627,8.612257957458496,6.134851932525635,0.0,36.37211227416992,11.501276016235352,38.457035064697266,0.2985074626865672,0,0.0,0.0,20,0.05970149253731343,3,105,0.31343283582089554,24,0.22857142857142856,13,0.03880597014925373,350,31.214401245117188,348.4324380368076,4.976119402985074,0.8884043435641024,0.3949787344652458
KZP19295,335,2569,1.9421560535698745,0.005797480756924998,149.57313537597656,0.4464869797229767,52.48417663574219,69.21617126464844,22.975610733032227,32.91252517700195,36.303646087646484,0.3508930698271091,0.4627580420151136,0.15360786999135417,-0.6105882352941178,0,0.0,-442.393310546875,-1.3205770464085822,0.3940298507462687,0.005970149253731343,0.14626865671641792,0.01791044776119403,0.0,0.14925373134328357,0.05373134328358209,0.23283582089552238,0.020895522388059702,46.301612854003906,0.5898935794830322,8.434820175170898,5.726818084716797,0.0,38.87740707397461,12.392226219177246,37.25035095214844,0.30746268656716425,0,0.0,0.0,18,0.05373134328358209,3,106,0.3164179104477612,26,0.24528301886792453,12,0.03582089552238806,351,31.30068588256836,350.680595341619,5.020895522388059,0.856060435671459,0.39429923751983453
KZP30036,273,2017,1.8823304536425856,0.006894983346676138,128.53245544433594,0.47081485390663147,57.12029266357422,43.9078254699707,20.010953903198242,21.804052352905273,22.103775024414062,0.44440365249469255,0.34160885916464917,0.15568794538329245,-0.1726457399103139,0,0.0,-348.91937255859375,-1.2780929397750687,0.43223443223443225,0.0,0.15018315018315018,0.03663003663003663,0.0,0.10989010989010989,0.047619047619047616,0.22344322344322345,0.02197802197802198,50.720157623291016,0.0,10.027827262878418,5.147419452667236,0.0,23.412118911743164,7.340637683868408,31.88428497314453,0.35897435897435903,0,0.0,0.0,8,0.029304029304029304,2,107,0.39194139194139194,17,0.1588785046728972,9,0.03296703296703297,285,24.56427764892578,302.42541949388607,4.95970695970696,1.051197283003225,0.34175377546590324
KZT58659,343,2619,1.9689158246955594,0.00574027937229026,149.0375518798828,0.43451181054115295,46.07325744628906,69.91421508789062,26.367874145507812,37.868804931640625,32.0453987121582,0.30913858195565314,0.46910469345496336,0.17692100959065046,-0.7515748031496062,0,0.0,-453.56341552734375,-1.3223423193217019,0.3965014577259475,0.011661807580174927,0.13994169096209913,0.026239067055393587,0.0,0.13119533527696792,0.08454810495626822,0.2099125364431487,0.02040816326530612,55.338321685791016,2.239213466644287,7.930201053619385,3.1438968181610107,0.0,31.570465087890625,17.834095001220703,30.981353759765625,0.326530612244898,0,0.0,0.0,19,0.05539358600583091,4,111,0.3236151603498542,30,0.2702702702702703,5,0.014577259475218658,359,31.815610885620117,343.12633323159815,5.034985422740525,0.8531647230612425,0.47353962151005846
OAL74534,353,2764,1.987166850372409,0.005629367848080479,149.030517578125,0.42218276858329773,53.8472900390625,58.970436096191406,30.174793243408203,33.05938720703125,25.911048889160156,0.3613172047854869,0.3956936945164794,0.20247392100473602,-0.6503846153846153,0,0.0,-458.5921630859375,-1.299127940753364,0.3597733711048159,0.0,0.1359773371104816,0.0708215297450425,0.014164305949008499,0.1048158640226629,0.0708215297450425,0.24362606232294617,0.019830028328611898,45.745506286621094,0.0,7.363746643066406,13.239848136901855,2.2784624099731445,22.302324295043945,17.80670928955078,40.29391860961914,0.2521246458923513,0,0.0,0.0,16,0.0453257790368272,3,129,0.3654390934844193,37,0.2868217054263566,20,0.056657223796033995,369,33.93768310546875,352.23705142527837,5.031161473087819,0.8185406348930382,0.6123023742625867
ODN75553,358,2757,2.0106275433022573,0.00561627805391692,152.43368530273438,0.4257924258708954,50.633201599121094,67.65309143066406,26.774333953857422,38.87318420410156,28.7799072265625,0.3321654363900157,0.44381982431445216,0.17564578262792377,-0.8176470588235294,0,0.0,-460.5736389160156,-1.2865185444581442,0.3994413407821229,0.00558659217877095,0.14804469273743018,0.04189944134078212,0.0,0.11731843575418995,0.07541899441340782,0.2122905027932961,0.019553072625698324,54.840049743652344,0.6877295970916748,11.244529724121094,9.059385299682617,0.0,24.351591110229492,16.88490104675293,35.3654899597168,0.33519553072625696,0,0.0,0.0,20,0.055865921787709494,3,114,0.31843575418994413,31,0.2719298245614035,18,0.05027932960893855,376,33.735565185546875,339.18909626940945,5.075418994413408,1.0511175770518402,0.472705073189179
ODN80031,357,2799,2.0013585986829203,0.005606046494910141,158.47097778320312,0.4438962936401367,50.7034797668457,73.56600952148438,27.38933753967285,39.73783874511719,33.82817459106445,0.31995435679213646,0.46422386326237386,0.17283503845822765,-0.7539568345323742,0,0.0,-440.58148193359375,-1.234121798133316,0.3641456582633053,0.0,0.14285714285714285,0.05042016806722689,0.0,0.12324929971988796,0.06442577030812324,0.2549019607843137,0.01680672268907563,53.12031555175781,0.0,8.388017654418945,9.52070140838623,0.0,30.713634490966797,12.689872741699219,44.0384407043457,0.25210084033613445,0,0.0,0.0,24,0.06722689075630252,5,115,0.32212885154061627,30,0.2608695652173913,19,0.05322128851540616,369,34.216461181640625,349.16295759141343,4.96078431372549,0.8601842663344885,0.5258438671105674
ODV65262,351,2807,2.0326462221525934,0.005791014877927617,156.5133056640625,0.4459068477153778,47.87179183959961,71.6592788696289,32.95880889892578,43.30665588378906,28.352615356445312,0.30586403907633775,0.45784783961714515,0.2105815141983392,-1.1262548262548262,0,0.0,-453.18646240234375,-1.2911295225137998,0.3789173789173789,0.005698005698005698,0.15954415954415954,0.03418803418803419,0.02849002849002849,0.12535612535612536,0.05128205128205128,0.21652421652421652,0.022792022792022793,57.52040100097656,2.182234048843384,9.555944442749023,6.263033866882324,4.303262233734131,28.510953903198242,10.824155807495117,37.35332489013672,0.32193732193732194,0,0.0,0.0,20,0.05698005698005698,3,110,0.31339031339031337,34,0.3090909090909091,14,0.039886039886039885,375,34.139320373535156,334.2389209918051,4.997150997150997,1.1780350340256325,0.38935402861158663
ODV67907,337,2628,1.9798151496740124,0.005874822402593509,151.92771911621094,0.4508240818977356,36.10663604736328,71.70157623291016,40.4539680480957,35.77358627319336,35.9279899597168,0.23765667158963255,0.47194532143318063,0.26627114711800604,-1.0255905511811023,0,0.0,-443.111083984375,-1.3148696854135757,0.39762611275964393,0.0,0.16023738872403562,0.03857566765578635,0.01483679525222552,0.11572700296735905,0.06824925816023739,0.20474777448071216,0.020771513353115726,53.30176544189453,0.0,9.933475494384766,7.339023590087891,2.005070447921753,26.810325622558594,14.099067687988281,38.4389762878418,0.35311572700296745,0,0.0,0.0,17,0.050445103857566766,4,86,0.2551928783382789,31,0.36046511627906974,12,0.03560830860534125,355,32.05366516113281,338.65027358248466,5.109792284866469,1.0985002161755193,0.3788919709037979
ODV69400,339,2650,1.9802092877027964,0.005841325332456626,154.31195068359375,0.4551974833011627,44.32038497924805,65.72655487060547,40.21005630493164,35.76005554199219,29.966493606567383,0.2872129137303436,0.4259330180160404,0.26057642409938586,-0.7513513513513514,0,0.0,-444.38238525390625,-1.3108624933743547,0.40707964601769914,0.0,0.168141592920354,0.0471976401179941,0.014749262536873156,0.0943952802359882,0.06489675516224189,0.20353982300884957,0.02064896755162242,54.071868896484375,0.0,11.181414604187012,9.333759307861328,2.558091402053833,22.869606018066406,14.42198657989502,39.87521743774414,0.37168141592920356,0,0.0,0.0,14,0.04129793510324484,3,87,0.25663716814159293,22,0.25287356321839083,8,0.02359882005899705,359,32.1515998840332,341.2813798073421,5.073746312684365,1.1188322924623821,0.4054741247660041
ODV76726,341,2615,1.9784091002168027,0.005801786217644583,149.35952758789062,0.4380044937133789,42.15802764892578,70.76101684570312,31.851045608520508,36.2341423034668,34.52687454223633,0.28225871044026896,0.4737629931512993,0.2132508459480615,-0.6507633587786259,0,0.0,-465.4231262207031,-1.3648772029932643,0.4222873900293255,0.0,0.15835777126099707,0.03812316715542522,0.01466275659824047,0.10557184750733138,0.06451612903225806,0.19648093841642228,0.020527859237536656,55.55402374267578,0.0,10.206905364990234,8.547243118286133,2.321018695831299,26.070362091064453,11.84885311126709,34.811119079589844,0.38416422287390034,0,0.0,0.0,14,0.04105571847507331,3,106,0.31085043988269795,24,0.22641509433962265,11,0.03225806451612903,356,31.88973045349121,337.69403519489623,5.114369501466276,1.0924167429080938,0.45461317678070434
ODV77212,343,2741,2.005790688554642,0.005847786264007703,154.79476928710938,0.45129671692848206,40.403602600097656,78.64459991455078,31.846776962280273,44.4029655456543,34.24163818359375,0.26101400445358774,0.508057218449564,0.20573548517787243,-1.1435114503816795,0,0.0,-458.56195068359375,-1.3369153081154337,0.3935860058309038,0.0,0.16034985422740525,0.043731778425655975,0.014577259475218658,0.119533527696793,0.0641399416909621,0.20408163265306123,0.02040816326530612,51.95709991455078,0.0,10.16044807434082,7.731349468231201,2.2531931400299072,30.776737213134766,11.47641372680664,40.439517974853516,0.34985422740524785,0,0.0,0.0,20,0.05830903790087463,4,99,0.2886297376093295,34,0.3434343434343434,11,0.03206997084548105,358,33.5115966796875,339.6660981689965,5.020408163265306,1.0752391907205046,0.5107054110623408
ODV81308,343,2758,2.013497258169039,0.005870254396994283,154.16622924804688,0.44946423172950745,40.10065460205078,80.74180603027344,30.452991485595703,41.94949722290039,38.79230499267578,0.26011309219693335,0.5237321197002446,0.19753347820811093,-1.1238636363636365,0,0.0,-453.59649658203125,-1.3224387655452805,0.3935860058309038,0.0,0.15743440233236153,0.043731778425655975,0.014577259475218658,0.12536443148688048,0.05539358600583091,0.2099125364431487,0.02040816326530612,52.578941345214844,0.0,10.685479164123535,7.055285930633545,2.3277664184570312,30.41067123413086,9.824061393737793,41.28401184082031,0.3411078717201167,0,0.0,0.0,20,0.05830903790087463,3,90,0.26239067055393583,27,0.3,13,0.037900874635568516,358,33.66736602783203,337.8633887121949,4.985422740524782,1.0998057173017,0.5066807013594178
ODV81507,340,2628,2.002358683049197,0.005889290244262344,153.38246154785156,0.4511248767375946,43.286643981933594,68.9930648803711,37.13380813598633,36.515140533447266,32.477928161621094,0.28221377819281657,0.44981065099706297,0.24209944058305188,-0.8730468749999999,0,0.0,-440.2621765136719,-1.294888754451976,0.3911764705882353,0.0,0.15,0.041176470588235294,0.014705882352941176,0.11764705882352941,0.061764705882352944,0.2235294117647059,0.020588235294117647,51.76473617553711,0.0,8.441940307617188,10.210716247558594,2.3200430870056152,25.749988555908203,14.588157653808594,40.30687713623047,0.3176470588235294,0,0.0,0.0,12,0.03529411764705882,3,102,0.3,32,0.3137254901960784,10,0.029411764705882353,354,32.07140350341797,327.3404944992804,5.020588235294118,1.1807458056307423,0.4426829150722916
OIW25712,357,2796,2.04891550184603,0.00573925910881241,164.99346923828125,0.46216657757759094,45.93550109863281,76.72062683105469,37.46223449707031,38.97661209106445,37.74401092529297,0.2784079958479654,0.46499190049913935,0.22705283227282094,-1.0809701492537314,0,0.0,-438.9676513671875,-1.2296012643338585,0.37815126050420167,0.0,0.13725490196078433,0.04201680672268908,0.014005602240896359,0.12605042016806722,0.07282913165266107,0.22969187675070027,0.0196078431372549,58.47386932373047,0.0,8.398721694946289,8.32870101928711,2.2936742305755615,26.169906616210938,25.433605194091797,35.89497756958008,0.2857142857142857,0,0.0,0.0,17,0.047619047619047616,3,105,0.29411764705882354,32,0.3047619047619048,14,0.0392156862745098,369,34.1536865234375,325.0611157642683,4.997198879551821,0.9713609406643133,0.5836239319747423
OPB45484,341,2604,1.9632304547450083,0.005757274060835801,146.24246215820312,0.428863525390625,50.02580261230469,64.63125610351562,26.213937759399414,37.13868713378906,27.492568969726562,0.3420744007864655,0.4419458969009863,0.17924983874410927,-0.48769230769230776,0,0.0,-440.30029296875,-1.2912032051869502,0.34017595307917886,0.005865102639296188,0.13196480938416422,0.04398826979472141,0.01466275659824047,0.16129032258064516,0.08504398826979472,0.21700879765395895,0.02346041055718475,41.81144714355469,0.7064846754074097,7.868675708770752,9.275562286376953,2.04720401763916,31.97804069519043,15.67370319366455,36.88134002685547,0.25513196480938416,0,0.0,0.0,20,0.05865102639296188,4,109,0.3196480938416422,20,0.1834862385321101,6,0.017595307917888565,353,31.58244514465332,344.13364299960426,5.087976539589443,1.111426697360854,0.31933531062149045
OQO01855,331,2496,1.907819867678501,0.005763806246762843,141.11549377441406,0.4263308048248291,42.111412048339844,65.9273681640625,25.008159637451172,34.530487060546875,31.39687156677246,0.2984180611355034,0.4671873116176271,0.17721767446336537,-0.7490118577075099,0,0.0,-428.95269775390625,-1.2959296004649736,0.3867069486404834,0.006042296072507553,0.1419939577039275,0.030211480362537766,0.0,0.12386706948640483,0.06646525679758308,0.24471299093655588,0.021148036253776436,46.69349670410156,2.405766010284424,6.874028205871582,4.394724369049072,0.0,26.78506088256836,12.19962215423584,41.76279067993164,0.28398791540785506,0,0.0,0.0,17,0.0513595166163142,4,104,0.31419939577039274,28,0.2692307692307692,12,0.03625377643504532,346,30.321331024169922,359.44502662385037,5.1540785498489425,0.811238686455956,0.4159168961377874
OQO11810,313,2367,1.9039666149964711,0.00608296043129863,142.57313537597656,0.45550522208213806,46.25756072998047,64.77316284179688,23.603803634643555,35.28408432006836,29.489070892333984,0.3244479446145001,0.4543153425852981,0.16555575896117083,-0.6318367346938776,0,0.0,-403.50482177734375,-1.2891527852311302,0.3546325878594249,0.022364217252396165,0.12140575079872204,0.04153354632587859,0.0,0.12779552715654952,0.07028753993610223,0.26198083067092653,0.022364217252396165,44.29161071777344,3.3074147701263428,5.5506439208984375,7.098470211029053,0.0,25.222564697265625,12.839582443237305,44.262847900390625,0.2140575079872204,0,0.0,0.0,13,0.04153354632587859,3,97,0.30990415335463256,24,0.24742268041237114,12,0.038338658146964855,332,28.793455123901367,342.94167941202426,5.054313099041534,0.7317012499878115,0.4098627849309603
OQO17260,331,2498,1.8986644525688456,0.00573614638238322,140.89846801757812,0.4256751239299774,40.93390655517578,65.79081726074219,26.102432250976562,33.530982971191406,32.25983428955078,0.290520593524615,0.4669377757360307,0.1852570337934412,-0.7681274900398407,0,0.0,-436.3228759765625,-1.318195999929192,0.38368580060422963,0.006042296072507553,0.1419939577039275,0.030211480362537766,0.0,0.1268882175226586,0.0755287009063444,0.23564954682779457,0.021148036253776436,45.221771240234375,2.2618961334228516,6.769667625427246,4.511590957641602,0.0,26.771135330200195,14.312366485595703,41.0500373840332,0.29003021148036257,0,0.0,0.0,14,0.04229607250755287,3,103,0.311178247734139,28,0.27184466019417475,13,0.03927492447129909,350,30.416057586669922,364.96210683429246,5.169184290030212,0.7834417084088068,0.39006769398255836
ORY53991,342,2590,1.9431643913146126,0.005681767226066119,146.4890899658203,0.428330659866333,46.44855499267578,69.06201934814453,24.512786865234375,33.42570114135742,35.636322021484375,0.31707859611602085,0.4714482106773855,0.167335238896998,-0.5374045801526718,0,0.0,-447.39862060546875,-1.3081831011855811,0.3713450292397661,0.0,0.15204678362573099,0.04093567251461988,0.0,0.13742690058479531,0.06725146198830409,0.2309941520467836,0.017543859649122806,42.08802032470703,0.0,9.164206504821777,7.3528594970703125,0.0,33.835227966308594,13.22148323059082,40.827293395996094,0.29239766081871343,0,0.0,0.0,16,0.04678362573099415,2,108,0.3157894736842105,24,0.2222222222222222,9,0.02631578947368421,360,31.385967254638672,352.9970966157931,5.154970760233918,0.8300146225274335,0.45012285948421416
ORY90635,337,2566,1.940074304108239,0.005756897044831569,146.13038635253906,0.4336213171482086,50.23719787597656,62.052974700927734,27.211036682128906,28.331331253051758,33.721649169921875,0.3437833781865155,0.4246411458272966,0.18621066679781692,-0.5915708812260535,0,0.0,-432.09552001953125,-1.2821825519867396,0.3887240356083086,0.0,0.14836795252225518,0.02967359050445104,0.0,0.12462908011869436,0.0771513353115727,0.2314540059347181,0.017804154302670624,47.0025634765625,0.0,10.755208969116211,4.679113388061523,0.0,29.187606811523438,15.353238105773926,39.152652740478516,0.3056379821958457,0,0.0,0.0,9,0.026706231454005934,3,104,0.3086053412462908,26,0.25,9,0.026706231454005934,350,31.205726623535156,351.39984108559486,5.109792284866469,0.8107008663650068,0.40362962868413377
ORY92490,358,2732,1.9965649964371572,0.0055769971967518355,157.3631591796875,0.4395619034767151,50.12482452392578,71.89179229736328,30.24441146850586,41.823272705078125,30.06852149963379,0.3185296023873669,0.45685275176302576,0.19219499421698075,-0.6840148698884758,0,0.0,-450.0190124511719,-1.2570363476289717,0.36312849162011174,0.00558659217877095,0.1424581005586592,0.05865921787709497,0.013966480446927373,0.11452513966480447,0.08659217877094973,0.21508379888268156,0.0223463687150838,46.830101013183594,0.4069180190563202,7.68700647354126,13.489901542663574,2.709225654602051,25.842185974121094,20.96062469482422,39.43717956542969,0.2905027932960894,0,0.0,0.0,12,0.0335195530726257,2,126,0.35195530726256985,29,0.23015873015873015,17,0.04748603351955307,372,33.52865219116211,343.2656416554323,5.106145251396648,0.9182069489963631,0.5522881006234257
OTA37140,320,2452,1.8965796410773739,0.005926811378366793,141.20152282714844,0.44125476479530334,42.35897445678711,60.5732536315918,31.824983596801758,29.977489471435547,30.595762252807617,0.2999895015908629,0.4289844218305098,0.22538697146885767,-0.7512605042016807,0,0.0,-416.2626953125,-1.3008209228515626,0.38125,0.009375,0.146875,0.04375,0.0,0.125,0.0625,0.23125,0.021875,47.40920639038086,1.7241147756576538,7.373416900634766,7.9409894943237305,0.0,27.848106384277344,10.319605827331543,38.58607482910156,0.29687499999999994,0,0.0,0.0,15,0.046875,4,101,0.315625,27,0.26732673267326734,12,0.0375,337,29.860319137573242,359.4241152211829,5.109375,0.9478879651516525,0.29927095514876856
PMD38917,333,2590,1.9313519890122546,0.005799855822859624,145.824951171875,0.4379127621650696,45.50004196166992,65.9925308227539,28.0033016204834,35.63686752319336,30.355670928955078,0.31201822182022737,0.45254622266235167,0.19203367733329538,-0.832283464566929,0,0.0,-429.77252197265625,-1.2906081740920607,0.36036036036036034,0.012012012012012012,0.14114114114114115,0.05405405405405406,0.0,0.14114114114114115,0.06006006006006006,0.23123123123123124,0.021021021021021023,42.076812744140625,3.7501087188720703,6.099989414215088,7.555377960205078,0.0,31.603775024414062,12.683857917785645,42.05503463745117,0.2702702702702703,0,0.0,0.0,16,0.04804804804804805,3,91,0.2732732732732733,28,0.3076923076923077,15,0.04504504504504504,353,31.61602783203125,359.51372086772875,5.075075075075075,0.7735614003157838,0.44961968095147264
POY72851,351,2762,1.9812731558993588,0.005644652865810139,157.4315643310547,0.44852298498153687,35.50686264038086,86.32276153564453,30.59724998474121,50.668914794921875,35.653839111328125,0.22553839689806623,0.5483192770296106,0.19435270248855457,-1.2988593155893537,0,0.0,-460.80224609375,-1.3128269119480056,0.4017094017094017,0.0,0.150997150997151,0.042735042735042736,0.014245014245014245,0.11396011396011396,0.07122507122507123,0.20512820512820512,0.019943019943019943,54.78563690185547,0.0,10.262333869934082,11.240860939025879,2.951772689819336,25.73102378845215,14.111234664916992,38.34871292114258,0.34757834757834755,0,0.0,0.0,14,0.039886039886039885,4,90,0.2564102564102564,25,0.2777777777777778,11,0.03133903133903134,370,33.826751708984375,355.1326545259703,5.113960113960114,0.8196400604539513,0.46683047880859396
PWN99435,349,2655,1.9849295062736043,0.005687477095339841,151.3318328857422,0.4336155652999878,39.40064239501953,72.31817626953125,33.553165435791016,38.50840759277344,33.80976486206055,0.26035924923190223,0.477878149563764,0.22171915053142957,-0.8330798479087453,0,0.0,-469.25457763671875,-1.344568990363091,0.37249283667621774,0.0,0.16332378223495703,0.06303724928366762,0.0,0.1346704871060172,0.04297994269340974,0.22349570200573066,0.017191977077363897,51.441383361816406,0.0,11.221270561218262,14.808355331420898,0.0,29.29334831237793,9.003141403198242,35.56433868408203,0.31232091690544417,0,0.0,0.0,23,0.0659025787965616,4,91,0.2607449856733524,24,0.26373626373626374,11,0.03151862464183381,369,32.339107513427734,339.4917789406282,5.186246418338109,0.9338170846231681,0.455945562969407
PYH81298,349,2674,1.9843843628071778,0.005685915079676727,152.0465087890625,0.4356633424758911,50.95231628417969,66.10360717773438,29.02724266052246,36.39592742919922,29.707679748535156,0.3351100705302413,0.43475912537683703,0.19091028719898198,-0.6156250000000001,0,0.0,-466.93780517578125,-1.3379306738561068,0.4068767908309456,0.0057306590257879654,0.14040114613180515,0.025787965616045846,0.0,0.12607449856733524,0.0659025787965616,0.22922636103151864,0.02005730659025788,61.08558654785156,0.25624820590019226,8.266927719116211,3.8185296058654785,0.0,26.117761611938477,13.927165031433105,38.57429504394531,0.3180515759312321,0,0.0,0.0,20,0.05730659025787966,3,109,0.3123209169054441,33,0.30275229357798167,9,0.025787965616045846,368,32.44855499267578,342.20315881678215,5.07163323782235,0.8013677354473736,0.47317737335657384
Q9UUN9,343,2633,1.9420741383277904,0.005662023726903179,149.70700073242188,0.4364635646343231,49.85584259033203,64.03661346435547,30.275367736816406,32.783653259277344,31.25295639038086,0.33302278681971353,0.42774628541794796,0.20223080810314908,-0.7157692307692308,0,0.0,-440.4292297363281,-1.284050232467429,0.37900874635568516,0.0,0.1457725947521866,0.02040816326530612,0.0,0.14868804664723032,0.06705539358600583,0.239067055393586,0.01749271137026239,44.236595153808594,0.0,9.521873474121094,2.4914050102233887,0.0,37.738277435302734,14.356341361999512,41.36250305175781,0.2857142857142858,0,0.0,0.0,17,0.04956268221574344,6,107,0.3119533527696793,27,0.2523364485981308,10,0.029154518950437316,357,31.913156509399414,359.4623783958788,5.032069970845481,0.7384955252717438,0.39993811601386675
